agent_id,box_x,box_y,box_size,pheromone
pipuck15,-5.38281,3.75781,0.203125,0.406421,
pipuck15,-4.97656,3.96094,0.203125,0.104972,
pipuck15,-5.17969,3.75781,0.203125,0.104607,
pipuck15,-4.97656,3.75781,0.203125,0.104607,
pipuck15,-5.38281,3.55469,0.203125,0.403755,
pipuck15,-5.38281,3.35156,0.203125,0.298325,
pipuck15,-5.17969,3.55469,0.203125,0.103874,
pipuck15,-4.97656,3.55469,0.203125,0.117543,
pipuck15,-5.17969,3.35156,0.203125,0.0687441,
pipuck15,-4.97656,3.35156,0.203125,0.0581154,
pipuck15,-4.57031,4.16406,0.203125,0.139648,
pipuck15,-4.36719,4.36719,0.203125,0.49808,
pipuck15,-4.16406,4.36719,0.203125,0.49808,
pipuck15,-4.36719,4.16406,0.203125,0.123522,
pipuck15,-4.16406,4.16406,0.203125,0.250888,
pipuck15,-3.75781,4.36719,0.203125,0.499752,
pipuck15,-3.96094,4.16406,0.203125,0.094475,
pipuck15,-3.75781,4.16406,0.203125,0.154557,
pipuck15,-3.55469,4.36719,0.203125,0.499656,
pipuck15,-3.55469,4.16406,0.203125,0.480004,
pipuck15,-3.35156,4.16406,0.203125,0.681996,
pipuck15,-4.77344,3.96094,0.203125,0.105337,
pipuck15,-4.57031,3.96094,0.203125,0.406495,
pipuck15,-4.77344,3.75781,0.203125,0.0726083,
pipuck15,-4.57031,3.75781,0.203125,0.0550279,
pipuck15,-4.36719,3.96094,0.203125,0.0569951,
pipuck15,-4.16406,3.96094,0.203125,0.0596525,
pipuck15,-4.36719,3.75781,0.203125,0.129173,
pipuck15,-4.16406,3.75781,0.203125,0.186696,
pipuck15,-4.77344,3.55469,0.203125,0.237694,
pipuck15,-4.57031,3.55469,0.203125,0.154676,
pipuck15,-4.77344,3.35156,0.203125,0.539264,
pipuck15,-4.57031,3.35156,0.203125,0.834949,
pipuck15,-4.36719,3.55469,0.203125,0.417023,
pipuck15,-4.16406,3.55469,0.203125,0.7588,
pipuck15,-4.36719,3.35156,0.203125,0.872529,
pipuck15,-4.16406,3.35156,0.203125,0.872529,
pipuck15,-3.96094,3.96094,0.203125,0.764723,
pipuck15,-3.75781,3.96094,0.203125,0.211514,
pipuck15,-3.96094,3.75781,0.203125,0.872529,
pipuck15,-3.75781,3.75781,0.203125,0.073882,
pipuck15,-3.55469,3.96094,0.203125,0.570223,
pipuck15,-3.35156,3.96094,0.203125,0.747148,
pipuck15,-3.55469,3.75781,0.203125,0.638179,
pipuck15,-3.35156,3.75781,0.203125,0.867592,
pipuck15,-3.96094,3.55469,0.203125,0.772468,
pipuck15,-3.75781,3.55469,0.203125,0.84808,
pipuck15,-3.96094,3.35156,0.203125,0.766333,
pipuck15,-3.75781,3.35156,0.203125,0.842892,
pipuck15,-3.55469,3.55469,0.203125,0.811342,
pipuck15,-3.35156,3.55469,0.203125,0.861057,
pipuck15,-3.55469,3.35156,0.203125,0.856441,
pipuck15,-3.35156,3.35156,0.203125,0.753993,
pipuck15,-2.74219,5.78906,0.203125,0.0909823,
pipuck15,-2.53906,5.78906,0.203125,0.100914,
pipuck15,-2.33594,5.99219,0.203125,0.496691,
pipuck15,-2.13281,5.99219,0.203125,0.497941,
pipuck15,-2.33594,5.78906,0.203125,0.0608175,
pipuck15,-2.13281,5.78906,0.203125,0.0521556,
pipuck15,-1.72656,5.99219,0.203125,0.435166,
pipuck15,-1.92969,5.78906,0.203125,0.0512257,
pipuck15,-1.72656,5.78906,0.203125,0.0780763,
pipuck15,-2.94531,5.58594,0.203125,0.472954,
pipuck15,-2.94531,5.38281,0.203125,0.494676,
pipuck15,-2.74219,5.58594,0.203125,0.0793194,
pipuck15,-2.53906,5.58594,0.203125,0.0599202,
pipuck15,-2.74219,5.38281,0.203125,0.0747272,
pipuck15,-2.53906,5.38281,0.203125,0.361528,
pipuck15,-2.94531,5.17969,0.203125,0.502674,
pipuck15,-2.94531,4.97656,0.203125,0.500937,
pipuck15,-2.74219,5.17969,0.203125,0.075989,
pipuck15,-2.53906,5.17969,0.203125,0.156225,
pipuck15,-2.74219,4.97656,0.203125,0.0696085,
pipuck15,-2.53906,4.97656,0.203125,0.191551,
pipuck15,-2.33594,5.58594,0.203125,0.109096,
pipuck15,-2.13281,5.58594,0.203125,0.0836378,
pipuck15,-2.33594,5.38281,0.203125,0.86313,
pipuck15,-2.13281,5.38281,0.203125,0.86871,
pipuck15,-1.92969,5.58594,0.203125,0.0784174,
pipuck15,-1.72656,5.58594,0.203125,0.0720961,
pipuck15,-1.92969,5.38281,0.203125,0.868178,
pipuck15,-1.72656,5.38281,0.203125,0.343822,
pipuck15,-2.23438,5.07812,0.40625,0.848247,
pipuck15,-1.92969,5.17969,0.203125,0.861074,
pipuck15,-1.72656,5.17969,0.203125,0.79466,
pipuck15,-1.92969,4.97656,0.203125,0.868776,
pipuck15,-1.72656,4.97656,0.203125,0.868776,
pipuck15,-1.52344,5.78906,0.203125,0.499978,
pipuck15,-1.11719,5.99219,0.203125,0.125745,
pipuck15,-0.914062,5.99219,0.203125,0.0475136,
pipuck15,-1.11719,5.78906,0.203125,0.1476,
pipuck15,-0.914062,5.78906,0.203125,0.052921,
pipuck15,-0.507812,6.19531,0.203125,0.273483,
pipuck15,-0.710938,5.99219,0.203125,0.0478047,
pipuck15,-0.507812,5.99219,0.203125,0.10424,
pipuck15,-0.710938,5.78906,0.203125,0.140259,
pipuck15,-0.507812,5.78906,0.203125,0.713055,
pipuck15,-0.304688,5.99219,0.203125,0.199978,
pipuck15,-0.101562,5.99219,0.203125,0.288506,
pipuck15,-0.304688,5.78906,0.203125,0.0473837,
pipuck15,-0.101562,5.78906,0.203125,0.0612649,
pipuck15,-1.52344,5.58594,0.203125,0.167076,
pipuck15,-1.32031,5.58594,0.203125,0.25249,
pipuck15,-1.52344,5.38281,0.203125,0.0726083,
pipuck15,-1.32031,5.38281,0.203125,0.0726083,
pipuck15,-1.11719,5.58594,0.203125,0.0581154,
pipuck15,-0.914062,5.58594,0.203125,0.235716,
pipuck15,-1.11719,5.38281,0.203125,0.0634837,
pipuck15,-0.914062,5.38281,0.203125,0.0634837,
pipuck15,-1.52344,5.17969,0.203125,0.769731,
pipuck15,-1.32031,5.17969,0.203125,0.428236,
pipuck15,-1.52344,4.97656,0.203125,0.860082,
pipuck15,-1.32031,4.97656,0.203125,0.842559,
pipuck15,-1.11719,5.17969,0.203125,0.0814368,
pipuck15,-0.914062,5.17969,0.203125,0.0880008,
pipuck15,-1.11719,4.97656,0.203125,0.0627836,
pipuck15,-0.914062,4.97656,0.203125,0.151282,
pipuck15,-0.710938,5.58594,0.203125,0.829245,
pipuck15,-0.507812,5.58594,0.203125,0.670937,
pipuck15,-0.710938,5.38281,0.203125,0.864151,
pipuck15,-0.507812,5.38281,0.203125,0.8398,
pipuck15,-0.304688,5.58594,0.203125,0.164986,
pipuck15,-0.101562,5.58594,0.203125,0.12939,
pipuck15,-0.304688,5.38281,0.203125,0.83467,
pipuck15,-0.101562,5.38281,0.203125,0.868725,
pipuck15,-0.609375,5.07812,0.40625,0.871829,
pipuck15,-0.203125,5.07812,0.40625,0.843712,
pipuck15,-2.94531,4.77344,0.203125,0.499404,
pipuck15,-2.94531,4.57031,0.203125,0.510141,
pipuck15,-2.74219,4.77344,0.203125,0.0648142,
pipuck15,-2.53906,4.77344,0.203125,0.291109,
pipuck15,-2.74219,4.57031,0.203125,0.0643734,
pipuck15,-2.53906,4.57031,0.203125,0.132813,
pipuck15,-3.14844,4.36719,0.203125,0.500588,
pipuck15,-2.94531,4.36719,0.203125,0.521764,
pipuck15,-3.14844,4.16406,0.203125,0.74496,
pipuck15,-2.94531,4.16406,0.203125,0.728155,
pipuck15,-2.74219,4.36719,0.203125,0.0553827,
pipuck15,-2.53906,4.36719,0.203125,0.115294,
pipuck15,-2.74219,4.16406,0.203125,0.0535438,
pipuck15,-2.53906,4.16406,0.203125,0.797885,
pipuck15,-2.03125,4.46875,0.8125,0.856827,
pipuck15,-3.04688,3.85938,0.40625,0.867679,
pipuck15,-2.74219,3.96094,0.203125,0.0819075,
pipuck15,-2.53906,3.96094,0.203125,0.867019,
pipuck15,-2.74219,3.75781,0.203125,0.741535,
pipuck15,-2.53906,3.75781,0.203125,0.873228,
pipuck15,-3.04688,3.45312,0.40625,0.860427,
pipuck15,-2.64062,3.45312,0.40625,0.856456,
pipuck15,-2.03125,3.65625,0.8125,0.857245,
pipuck15,-1.42188,4.67188,0.40625,0.820707,
pipuck15,-1.11719,4.77344,0.203125,0.203114,
pipuck15,-0.914062,4.77344,0.203125,0.0627836,
pipuck15,-1.11719,4.57031,0.203125,0.290308,
pipuck15,-0.914062,4.57031,0.203125,0.0535842,
pipuck15,-1.42188,4.26562,0.40625,0.827381,
pipuck15,-1.11719,4.36719,0.203125,0.388726,
pipuck15,-0.914062,4.36719,0.203125,0.0617383,
pipuck15,-1.11719,4.16406,0.203125,0.458795,
pipuck15,-0.914062,4.16406,0.203125,0.0559247,
pipuck15,-0.710938,4.77344,0.203125,0.641333,
pipuck15,-0.507812,4.77344,0.203125,0.876738,
pipuck15,-0.710938,4.57031,0.203125,0.293174,
pipuck15,-0.507812,4.57031,0.203125,0.871501,
pipuck15,-0.203125,4.67188,0.40625,0.858166,
pipuck15,-0.710938,4.36719,0.203125,0.0627836,
pipuck15,-0.507812,4.36719,0.203125,0.876738,
pipuck15,-0.710938,4.16406,0.203125,0.159141,
pipuck15,-0.507812,4.16406,0.203125,0.876122,
pipuck15,-0.203125,4.26562,0.40625,0.874628,
pipuck15,-1.52344,3.96094,0.203125,0.864875,
pipuck15,-1.32031,3.96094,0.203125,0.694253,
pipuck15,-1.52344,3.75781,0.203125,0.865934,
pipuck15,-1.32031,3.75781,0.203125,0.847357,
pipuck15,-1.11719,3.96094,0.203125,0.428973,
pipuck15,-0.914062,3.96094,0.203125,0.108948,
pipuck15,-1.11719,3.75781,0.203125,0.0496425,
pipuck15,-0.914062,3.75781,0.203125,0.0532523,
pipuck15,-1.52344,3.55469,0.203125,0.867295,
pipuck15,-1.32031,3.55469,0.203125,0.685906,
pipuck15,-1.52344,3.35156,0.203125,0.836376,
pipuck15,-1.32031,3.35156,0.203125,0.822114,
pipuck15,-1.11719,3.55469,0.203125,0.168989,
pipuck15,-0.914062,3.55469,0.203125,0.0539166,
pipuck15,-1.11719,3.35156,0.203125,0.415835,
pipuck15,-0.914062,3.35156,0.203125,0.143046,
pipuck15,-0.710938,3.96094,0.203125,0.324474,
pipuck15,-0.507812,3.96094,0.203125,0.876738,
pipuck15,-0.710938,3.75781,0.203125,0.0629271,
pipuck15,-0.507812,3.75781,0.203125,0.747361,
pipuck15,-0.203125,3.85938,0.40625,0.874628,
pipuck15,-0.710938,3.55469,0.203125,0.0606989,
pipuck15,-0.507812,3.55469,0.203125,0.0634837,
pipuck15,-0.710938,3.35156,0.203125,0.269027,
pipuck15,-0.507812,3.35156,0.203125,0.3987,
pipuck15,-0.203125,3.45312,0.40625,0.859291,
pipuck15,-5.38281,3.14844,0.203125,0.109662,
pipuck15,-5.38281,2.94531,0.203125,0.109305,
pipuck15,-5.17969,3.14844,0.203125,0.0594702,
pipuck15,-4.97656,3.14844,0.203125,0.0585678,
pipuck15,-5.17969,2.94531,0.203125,0.0599202,
pipuck15,-4.97656,2.94531,0.203125,0.0925573,
pipuck15,-5.58594,2.74219,0.203125,0.465633,
pipuck15,-5.38281,2.74219,0.203125,0.0516911,
pipuck15,-5.58594,2.53906,0.203125,0.217043,
pipuck15,-5.38281,2.53906,0.203125,0.054465,
pipuck15,-5.17969,2.74219,0.203125,0.0820127,
pipuck15,-4.97656,2.74219,0.203125,0.360767,
pipuck15,-5.17969,2.53906,0.203125,0.0524392,
pipuck15,-4.97656,2.53906,0.203125,0.165826,
pipuck15,-5.58594,2.33594,0.203125,0.479411,
pipuck15,-5.38281,2.33594,0.203125,0.0560087,
pipuck15,-5.58594,2.13281,0.203125,0.0563369,
pipuck15,-5.38281,2.13281,0.203125,0.0563369,
pipuck15,-5.17969,2.33594,0.203125,0.729324,
pipuck15,-4.97656,2.33594,0.203125,0.614869,
pipuck15,-5.17969,2.13281,0.203125,0.446609,
pipuck15,-4.97656,2.13281,0.203125,0.825147,
pipuck15,-5.58594,1.92969,0.203125,0.263907,
pipuck15,-5.38281,1.92969,0.203125,0.0609963,
pipuck15,-5.58594,1.72656,0.203125,0.175693,
pipuck15,-5.38281,1.72656,0.203125,0.0606594,
pipuck15,-5.17969,1.92969,0.203125,0.290776,
pipuck15,-4.97656,1.92969,0.203125,0.814775,
pipuck15,-5.17969,1.72656,0.203125,0.0613338,
pipuck15,-4.97656,1.72656,0.203125,0.278939,
pipuck15,-4.77344,3.14844,0.203125,0.739992,
pipuck15,-4.57031,3.14844,0.203125,0.872529,
pipuck15,-4.77344,2.94531,0.203125,0.865487,
pipuck15,-4.57031,2.94531,0.203125,0.872529,
pipuck15,-4.26562,3.04688,0.40625,0.864935,
pipuck15,-4.77344,2.74219,0.203125,0.772532,
pipuck15,-4.57031,2.74219,0.203125,0.787029,
pipuck15,-4.77344,2.53906,0.203125,0.865614,
pipuck15,-4.57031,2.53906,0.203125,0.872529,
pipuck15,-4.26562,2.64062,0.40625,0.864935,
pipuck15,-3.65625,2.84375,0.8125,0.866095,
pipuck15,-4.77344,2.33594,0.203125,0.820638,
pipuck15,-4.57031,2.33594,0.203125,0.872529,
pipuck15,-4.77344,2.13281,0.203125,0.872529,
pipuck15,-4.57031,2.13281,0.203125,0.872529,
pipuck15,-4.26562,2.23438,0.40625,0.854807,
pipuck15,-4.67188,1.82812,0.40625,0.859246,
pipuck15,-4.26562,1.82812,0.40625,0.856281,
pipuck15,-3.65625,2.03125,0.8125,0.863359,
pipuck15,-5.58594,1.52344,0.203125,0.211144,
pipuck15,-5.38281,1.52344,0.203125,0.0809659,
pipuck15,-5.38281,1.32031,0.203125,0.165189,
pipuck15,-5.17969,1.52344,0.203125,0.0616719,
pipuck15,-4.97656,1.52344,0.203125,0.0643029,
pipuck15,-5.17969,1.32031,0.203125,0.0667505,
pipuck15,-4.97656,1.32031,0.203125,0.0643029,
pipuck15,-5.58594,1.11719,0.203125,0.499919,
pipuck15,-5.38281,1.11719,0.203125,0.260362,
pipuck15,-5.38281,0.914062,0.203125,0.26051,
pipuck15,-5.17969,1.11719,0.203125,0.187513,
pipuck15,-4.97656,1.11719,0.203125,0.0590546,
pipuck15,-5.17969,0.914062,0.203125,0.242477,
pipuck15,-4.97656,0.914062,0.203125,0.0995987,
pipuck15,-5.17969,0.710938,0.203125,0.486811,
pipuck15,-4.97656,0.710938,0.203125,0.446273,
pipuck15,-4.77344,1.52344,0.203125,0.873228,
pipuck15,-4.57031,1.52344,0.203125,0.873228,
pipuck15,-4.77344,1.32031,0.203125,0.781877,
pipuck15,-4.57031,1.32031,0.203125,0.842868,
pipuck15,-4.26562,1.42188,0.40625,0.867455,
pipuck15,-4.77344,1.11719,0.203125,0.850555,
pipuck15,-4.57031,1.11719,0.203125,0.873228,
pipuck15,-4.77344,0.914062,0.203125,0.172259,
pipuck15,-4.57031,0.914062,0.203125,0.105455,
pipuck15,-4.36719,1.11719,0.203125,0.542383,
pipuck15,-4.16406,1.11719,0.203125,0.627614,
pipuck15,-4.36719,0.914062,0.203125,0.119044,
pipuck15,-4.16406,0.914062,0.203125,0.0737471,
pipuck15,-3.85938,1.42188,0.40625,0.867754,
pipuck15,-3.55469,1.52344,0.203125,0.873228,
pipuck15,-3.35156,1.52344,0.203125,0.873228,
pipuck15,-3.55469,1.32031,0.203125,0.806643,
pipuck15,-3.35156,1.32031,0.203125,0.873228,
pipuck15,-3.96094,1.11719,0.203125,0.433111,
pipuck15,-3.75781,1.11719,0.203125,0.678557,
pipuck15,-3.96094,0.914062,0.203125,0.479367,
pipuck15,-3.75781,0.914062,0.203125,0.643988,
pipuck15,-3.55469,1.11719,0.203125,0.743562,
pipuck15,-3.35156,1.11719,0.203125,0.743562,
pipuck15,-3.55469,0.914062,0.203125,0.743562,
pipuck15,-3.35156,0.914062,0.203125,0.866502,
pipuck15,-4.77344,0.710938,0.203125,0.469207,
pipuck15,-4.57031,0.710938,0.203125,0.0942835,
pipuck15,-4.77344,0.507812,0.203125,0.499998,
pipuck15,-4.57031,0.507812,0.203125,0.209282,
pipuck15,-4.36719,0.710938,0.203125,0.10068,
pipuck15,-4.16406,0.710938,0.203125,0.159724,
pipuck15,-4.36719,0.507812,0.203125,0.21425,
pipuck15,-4.16406,0.507812,0.203125,0.255175,
pipuck15,-4.77344,0.304688,0.203125,0.299998,
pipuck15,-4.57031,0.304688,0.203125,0.258955,
pipuck15,-4.77344,0.101562,0.203125,0.499993,
pipuck15,-4.57031,0.101562,0.203125,0.44565,
pipuck15,-4.36719,0.304688,0.203125,0.44279,
pipuck15,-4.16406,0.304688,0.203125,0.42339,
pipuck15,-4.36719,0.101562,0.203125,0.530526,
pipuck15,-4.16406,0.101562,0.203125,0.269884,
pipuck15,-3.65625,0.40625,0.8125,0.71982,
pipuck15,-2.84375,2.84375,0.8125,0.854701,
pipuck15,-2.03125,2.84375,0.8125,0.85052,
pipuck15,-2.84375,2.03125,0.8125,0.866032,
pipuck15,-2.23438,2.23438,0.40625,0.865985,
pipuck15,-1.92969,2.33594,0.203125,0.873228,
pipuck15,-1.72656,2.33594,0.203125,0.820663,
pipuck15,-1.92969,2.13281,0.203125,0.810718,
pipuck15,-1.72656,2.13281,0.203125,0.815291,
pipuck15,-2.23438,1.82812,0.40625,0.867008,
pipuck15,-1.92969,1.92969,0.203125,0.873228,
pipuck15,-1.72656,1.92969,0.203125,0.633252,
pipuck15,-1.92969,1.72656,0.203125,0.873228,
pipuck15,-1.72656,1.72656,0.203125,0.7284,
pipuck15,-1.42188,3.04688,0.40625,0.848247,
pipuck15,-1.11719,3.14844,0.203125,0.348747,
pipuck15,-0.914062,3.14844,0.203125,0.164719,
pipuck15,-1.11719,2.94531,0.203125,0.350832,
pipuck15,-0.914062,2.94531,0.203125,0.153825,
pipuck15,-1.52344,2.74219,0.203125,0.702651,
pipuck15,-1.32031,2.74219,0.203125,0.67179,
pipuck15,-1.52344,2.53906,0.203125,0.641182,
pipuck15,-1.32031,2.53906,0.203125,0.595688,
pipuck15,-1.11719,2.74219,0.203125,0.0950465,
pipuck15,-0.914062,2.74219,0.203125,0.165086,
pipuck15,-1.11719,2.53906,0.203125,0.710171,
pipuck15,-0.914062,2.53906,0.203125,0.151619,
pipuck15,-0.710938,3.14844,0.203125,0.525387,
pipuck15,-0.507812,3.14844,0.203125,0.166751,
pipuck15,-0.710938,2.94531,0.203125,0.556174,
pipuck15,-0.507812,2.94531,0.203125,0.239767,
pipuck15,-0.304688,3.14844,0.203125,0.75092,
pipuck15,-0.101562,3.14844,0.203125,0.876738,
pipuck15,-0.304688,2.94531,0.203125,0.830291,
pipuck15,-0.101562,2.94531,0.203125,0.876738,
pipuck15,-0.710938,2.74219,0.203125,0.535297,
pipuck15,-0.507812,2.74219,0.203125,0.128245,
pipuck15,-0.710938,2.53906,0.203125,0.436561,
pipuck15,-0.507812,2.53906,0.203125,0.0619199,
pipuck15,-0.304688,2.74219,0.203125,0.236584,
pipuck15,-0.101562,2.74219,0.203125,0.876738,
pipuck15,-0.304688,2.53906,0.203125,0.187237,
pipuck15,-0.101562,2.53906,0.203125,0.876738,
pipuck15,-1.52344,2.33594,0.203125,0.820939,
pipuck15,-1.32031,2.33594,0.203125,0.617401,
pipuck15,-1.52344,2.13281,0.203125,0.684643,
pipuck15,-1.32031,2.13281,0.203125,0.853823,
pipuck15,-1.01562,2.23438,0.40625,0.819509,
pipuck15,-1.52344,1.92969,0.203125,0.853959,
pipuck15,-1.32031,1.92969,0.203125,0.799807,
pipuck15,-1.52344,1.72656,0.203125,0.850615,
pipuck15,-1.32031,1.72656,0.203125,0.745215,
pipuck15,-1.01562,1.82812,0.40625,0.821911,
pipuck15,-0.710938,2.33594,0.203125,0.0771253,
pipuck15,-0.507812,2.33594,0.203125,0.0726773,
pipuck15,-0.710938,2.13281,0.203125,0.739041,
pipuck15,-0.507812,2.13281,0.203125,0.714451,
pipuck15,-0.304688,2.33594,0.203125,0.624899,
pipuck15,-0.101562,2.33594,0.203125,0.876738,
pipuck15,-0.304688,2.13281,0.203125,0.876738,
pipuck15,-0.101562,2.13281,0.203125,0.876738,
pipuck15,-0.609375,1.82812,0.40625,0.818315,
pipuck15,-0.203125,1.82812,0.40625,0.812996,
pipuck15,-3.04688,1.42188,0.40625,0.867521,
pipuck15,-2.64062,1.42188,0.40625,0.867521,
pipuck15,-3.14844,1.11719,0.203125,0.670193,
pipuck15,-2.94531,1.11719,0.203125,0.852669,
pipuck15,-3.14844,0.914062,0.203125,0.707454,
pipuck15,-2.94531,0.914062,0.203125,0.477368,
pipuck15,-2.74219,1.11719,0.203125,0.873228,
pipuck15,-2.53906,1.11719,0.203125,0.873228,
pipuck15,-2.74219,0.914062,0.203125,0.254068,
pipuck15,-2.53906,0.914062,0.203125,0.66488,
pipuck15,-2.03125,1.21875,0.8125,0.854212,
pipuck15,-3.14844,0.710938,0.203125,0.132172,
pipuck15,-2.94531,0.710938,0.203125,0.0690003,
pipuck15,-3.14844,0.507812,0.203125,0.0828432,
pipuck15,-2.94531,0.507812,0.203125,0.0676836,
pipuck15,-2.74219,0.710938,0.203125,0.156185,
pipuck15,-2.53906,0.710938,0.203125,0.0704279,
pipuck15,-2.74219,0.507812,0.203125,0.281376,
pipuck15,-2.53906,0.507812,0.203125,0.0653404,
pipuck15,-3.14844,0.304688,0.203125,0.631087,
pipuck15,-2.94531,0.304688,0.203125,0.27303,
pipuck15,-3.14844,0.101562,0.203125,0.722677,
pipuck15,-2.94531,0.101562,0.203125,0.478169,
pipuck15,-2.74219,0.304688,0.203125,0.244066,
pipuck15,-2.53906,0.304688,0.203125,0.175172,
pipuck15,-2.74219,0.101562,0.203125,0.183445,
pipuck15,-2.53906,0.101562,0.203125,0.245742,
pipuck15,-2.33594,0.710938,0.203125,0.0656875,
pipuck15,-2.13281,0.710938,0.203125,0.161322,
pipuck15,-2.33594,0.507812,0.203125,0.163736,
pipuck15,-2.13281,0.507812,0.203125,0.208257,
pipuck15,-1.92969,0.710938,0.203125,0.0772861,
pipuck15,-1.72656,0.710938,0.203125,0.0548364,
pipuck15,-1.92969,0.507812,0.203125,0.0561676,
pipuck15,-1.72656,0.507812,0.203125,0.0548364,
pipuck15,-2.33594,0.304688,0.203125,0.275898,
pipuck15,-2.13281,0.304688,0.203125,0.161992,
pipuck15,-2.33594,0.101562,0.203125,0.499995,
pipuck15,-1.92969,0.304688,0.203125,0.0843091,
pipuck15,-1.72656,0.304688,0.203125,0.0615647,
pipuck15,-1.92969,0.101562,0.203125,0.0561676,
pipuck15,-1.72656,0.101562,0.203125,0.0619047,
pipuck15,-1.42188,1.42188,0.40625,0.856827,
pipuck15,-1.01562,1.42188,0.40625,0.85616,
pipuck15,-1.52344,1.11719,0.203125,0.861869,
pipuck15,-1.32031,1.11719,0.203125,0.867534,
pipuck15,-1.52344,0.914062,0.203125,0.456361,
pipuck15,-1.32031,0.914062,0.203125,0.560484,
pipuck15,-1.11719,1.11719,0.203125,0.859383,
pipuck15,-0.914062,1.11719,0.203125,0.847445,
pipuck15,-1.11719,0.914062,0.203125,0.279822,
pipuck15,-0.914062,0.914062,0.203125,0.841114,
pipuck15,-0.40625,1.21875,0.8125,0.85951,
pipuck15,-1.52344,0.710938,0.203125,0.0612253,
pipuck15,-1.32031,0.710938,0.203125,0.0551683,
pipuck15,-1.52344,0.507812,0.203125,0.820672,
pipuck15,-1.32031,0.507812,0.203125,0.836037,
pipuck15,-1.11719,0.710938,0.203125,0.587286,
pipuck15,-0.914062,0.710938,0.203125,0.873228,
pipuck15,-1.11719,0.507812,0.203125,0.871137,
pipuck15,-0.914062,0.507812,0.203125,0.871137,
pipuck15,-1.52344,0.304688,0.203125,0.815697,
pipuck15,-1.32031,0.304688,0.203125,0.873228,
pipuck15,-1.52344,0.101562,0.203125,0.873228,
pipuck15,-1.32031,0.101562,0.203125,0.873228,
pipuck15,-1.01562,0.203125,0.40625,0.850372,
pipuck15,-0.40625,0.40625,0.8125,0.87106,
pipuck15,0.101562,6.19531,0.203125,0.280902,
pipuck15,0.304688,6.19531,0.203125,0.154462,
pipuck15,0.507812,6.19531,0.203125,0.29768,
pipuck15,0.101562,5.99219,0.203125,0.0612649,
pipuck15,0.304688,5.99219,0.203125,0.0608175,
pipuck15,0.101562,5.78906,0.203125,0.0952269,
pipuck15,0.304688,5.78906,0.203125,0.462942,
pipuck15,0.507812,5.99219,0.203125,0.0608175,
pipuck15,0.710938,5.99219,0.203125,0.108231,
pipuck15,0.507812,5.78906,0.203125,0.118959,
pipuck15,0.710938,5.78906,0.203125,0.139565,
pipuck15,0.914062,5.78906,0.203125,0.493437,
pipuck15,0.101562,5.58594,0.203125,0.863917,
pipuck15,0.304688,5.58594,0.203125,0.630654,
pipuck15,0.101562,5.38281,0.203125,0.863917,
pipuck15,0.304688,5.38281,0.203125,0.83638,
pipuck15,0.507812,5.58594,0.203125,0.0821928,
pipuck15,0.710938,5.58594,0.203125,0.10859,
pipuck15,0.507812,5.38281,0.203125,0.431065,
pipuck15,0.710938,5.38281,0.203125,0.0670056,
pipuck15,0.101562,5.17969,0.203125,0.864452,
pipuck15,0.304688,5.17969,0.203125,0.642898,
pipuck15,0.101562,4.97656,0.203125,0.866055,
pipuck15,0.304688,4.97656,0.203125,0.866055,
pipuck15,0.507812,5.17969,0.203125,0.0888794,
pipuck15,0.710938,5.17969,0.203125,0.0687441,
pipuck15,0.507812,4.97656,0.203125,0.0516911,
pipuck15,0.710938,4.97656,0.203125,0.0516911,
pipuck15,0.914062,5.58594,0.203125,0.49996,
pipuck15,0.914062,5.38281,0.203125,0.493141,
pipuck15,0.914062,5.17969,0.203125,0.465542,
pipuck15,0.914062,4.97656,0.203125,0.499523,
pipuck15,0.101562,4.77344,0.203125,0.85665,
pipuck15,0.304688,4.77344,0.203125,0.848545,
pipuck15,0.101562,4.57031,0.203125,0.847991,
pipuck15,0.304688,4.57031,0.203125,0.503176,
pipuck15,0.507812,4.77344,0.203125,0.0461062,
pipuck15,0.710938,4.77344,0.203125,0.0507595,
pipuck15,0.507812,4.57031,0.203125,0.168343,
pipuck15,0.710938,4.57031,0.203125,0.0909823,
pipuck15,0.101562,4.36719,0.203125,0.876317,
pipuck15,0.304688,4.36719,0.203125,0.49912,
pipuck15,0.101562,4.16406,0.203125,0.876738,
pipuck15,0.304688,4.16406,0.203125,0.496946,
pipuck15,0.507812,4.36719,0.203125,0.0981928,
pipuck15,0.710938,4.36719,0.203125,0.140266,
pipuck15,0.507812,4.16406,0.203125,0.187996,
pipuck15,0.710938,4.16406,0.203125,0.107872,
pipuck15,0.914062,4.77344,0.203125,0.299972,
pipuck15,0.914062,4.57031,0.203125,0.500037,
pipuck15,0.914062,4.36719,0.203125,0.50273,
pipuck15,0.914062,4.16406,0.203125,0.483456,
pipuck15,1.11719,4.16406,0.203125,0.502014,
pipuck15,0.101562,3.96094,0.203125,0.865592,
pipuck15,0.304688,3.96094,0.203125,0.533663,
pipuck15,0.101562,3.75781,0.203125,0.876738,
pipuck15,0.304688,3.75781,0.203125,0.876451,
pipuck15,0.507812,3.96094,0.203125,0.364886,
pipuck15,0.710938,3.96094,0.203125,0.074305,
pipuck15,0.507812,3.75781,0.203125,0.835545,
pipuck15,0.710938,3.75781,0.203125,0.0813757,
pipuck15,0.203125,3.45312,0.40625,0.874628,
pipuck15,0.507812,3.55469,0.203125,0.87572,
pipuck15,0.710938,3.55469,0.203125,0.780463,
pipuck15,0.507812,3.35156,0.203125,0.876738,
pipuck15,0.710938,3.35156,0.203125,0.841072,
pipuck15,0.914062,3.96094,0.203125,0.640935,
pipuck15,1.11719,3.96094,0.203125,0.50236,
pipuck15,0.914062,3.75781,0.203125,0.157073,
pipuck15,1.11719,3.75781,0.203125,0.19427,
pipuck15,1.32031,3.75781,0.203125,0.499902,
pipuck15,0.914062,3.55469,0.203125,0.149098,
pipuck15,1.11719,3.55469,0.203125,0.150224,
pipuck15,0.914062,3.35156,0.203125,0.629082,
pipuck15,1.11719,3.35156,0.203125,0.182334,
pipuck15,1.32031,3.55469,0.203125,0.161291,
pipuck15,1.52344,3.55469,0.203125,0.458765,
pipuck15,1.32031,3.35156,0.203125,0.150783,
pipuck15,0.203125,3.04688,0.40625,0.874628,
pipuck15,0.507812,3.14844,0.203125,0.876738,
pipuck15,0.710938,3.14844,0.203125,0.806552,
pipuck15,0.507812,2.94531,0.203125,0.876738,
pipuck15,0.710938,2.94531,0.203125,0.846875,
pipuck15,0.203125,2.64062,0.40625,0.874628,
pipuck15,0.609375,2.64062,0.40625,0.86583,
pipuck15,0.914062,3.14844,0.203125,0.799305,
pipuck15,1.11719,3.14844,0.203125,0.28008,
pipuck15,0.914062,2.94531,0.203125,0.828481,
pipuck15,1.11719,2.94531,0.203125,0.292791,
pipuck15,1.32031,3.14844,0.203125,0.16155,
pipuck15,1.32031,2.94531,0.203125,0.194072,
pipuck15,0.914062,2.74219,0.203125,0.846436,
pipuck15,1.11719,2.74219,0.203125,0.0925419,
pipuck15,0.914062,2.53906,0.203125,0.846662,
pipuck15,1.11719,2.53906,0.203125,0.51358,
pipuck15,1.32031,2.74219,0.203125,0.151619,
pipuck15,1.52344,2.74219,0.203125,0.295019,
pipuck15,1.32031,2.53906,0.203125,0.200419,
pipuck15,1.52344,2.53906,0.203125,0.503653,
pipuck15,0.203125,2.23438,0.40625,0.873927,
pipuck15,0.609375,2.23438,0.40625,0.868867,
pipuck15,0.101562,1.92969,0.203125,0.876738,
pipuck15,0.304688,1.92969,0.203125,0.808342,
pipuck15,0.101562,1.72656,0.203125,0.808342,
pipuck15,0.304688,1.72656,0.203125,0.808342,
pipuck15,0.609375,1.82812,0.40625,0.874628,
pipuck15,0.914062,2.33594,0.203125,0.814152,
pipuck15,1.11719,2.33594,0.203125,0.118368,
pipuck15,0.914062,2.13281,0.203125,0.820312,
pipuck15,1.11719,2.13281,0.203125,0.0925419,
pipuck15,1.32031,2.33594,0.203125,0.155187,
pipuck15,1.52344,2.33594,0.203125,0.501195,
pipuck15,1.32031,2.13281,0.203125,0.198156,
pipuck15,1.52344,2.13281,0.203125,0.488782,
pipuck15,0.914062,1.92969,0.203125,0.775533,
pipuck15,1.11719,1.92969,0.203125,0.148139,
pipuck15,0.914062,1.72656,0.203125,0.15947,
pipuck15,1.11719,1.72656,0.203125,0.0768263,
pipuck15,1.32031,1.92969,0.203125,0.204616,
pipuck15,1.52344,1.92969,0.203125,0.498303,
pipuck15,1.32031,1.72656,0.203125,0.150504,
pipuck15,1.52344,1.72656,0.203125,0.29826,
pipuck15,1.72656,2.53906,0.203125,0.505918,
pipuck15,1.72656,1.92969,0.203125,0.499988,
pipuck15,1.72656,1.72656,0.203125,0.500008,
pipuck15,0.40625,1.21875,0.8125,0.827458,
pipuck15,0.914062,1.52344,0.203125,0.145341,
pipuck15,1.11719,1.52344,0.203125,0.0772437,
pipuck15,0.914062,1.32031,0.203125,0.162169,
pipuck15,1.11719,1.32031,0.203125,0.0535438,
pipuck15,1.32031,1.52344,0.203125,0.163838,
pipuck15,1.52344,1.52344,0.203125,0.537072,
pipuck15,1.32031,1.32031,0.203125,0.073882,
pipuck15,1.52344,1.32031,0.203125,0.0747272,
pipuck15,0.914062,1.11719,0.203125,0.501405,
pipuck15,1.11719,1.11719,0.203125,0.682077,
pipuck15,0.914062,0.914062,0.203125,0.792012,
pipuck15,1.11719,0.914062,0.203125,0.5767,
pipuck15,1.32031,1.11719,0.203125,0.220376,
pipuck15,1.52344,1.11719,0.203125,0.0813757,
pipuck15,1.32031,0.914062,0.203125,0.0755692,
pipuck15,1.52344,0.914062,0.203125,0.075989,
pipuck15,0.203125,0.609375,0.40625,0.87237,
pipuck15,0.507812,0.710938,0.203125,0.827247,
pipuck15,0.710938,0.710938,0.203125,0.758778,
pipuck15,0.507812,0.507812,0.203125,0.868888,
pipuck15,0.710938,0.507812,0.203125,0.333014,
pipuck15,0.203125,0.203125,0.40625,0.872891,
pipuck15,0.507812,0.304688,0.203125,0.873228,
pipuck15,0.710938,0.304688,0.203125,0.841975,
pipuck15,0.507812,0.101562,0.203125,0.375238,
pipuck15,0.710938,0.101562,0.203125,0.0592149,
pipuck15,0.914062,0.710938,0.203125,0.124962,
pipuck15,1.11719,0.710938,0.203125,0.0768263,
pipuck15,0.914062,0.507812,0.203125,0.720333,
pipuck15,1.11719,0.507812,0.203125,0.70741,
pipuck15,1.32031,0.710938,0.203125,0.0768263,
pipuck15,1.52344,0.710938,0.203125,0.0772437,
pipuck15,1.32031,0.507812,0.203125,0.592425,
pipuck15,1.52344,0.507812,0.203125,0.0916846,
pipuck15,0.914062,0.304688,0.203125,0.603314,
pipuck15,1.11719,0.304688,0.203125,0.221317,
pipuck15,0.914062,0.101562,0.203125,0.0527899,
pipuck15,1.11719,0.101562,0.203125,0.0578432,
pipuck15,1.32031,0.304688,0.203125,0.0997923,
pipuck15,1.52344,0.304688,0.203125,0.274011,
pipuck15,1.32031,0.101562,0.203125,0.0517961,
pipuck15,1.52344,0.101562,0.203125,0.0450962,
pipuck15,1.72656,1.52344,0.203125,0.49989,
pipuck15,1.72656,1.32031,0.203125,0.477756,
pipuck15,1.72656,1.11719,0.203125,0.19739,
pipuck15,1.92969,1.11719,0.203125,0.498223,
pipuck15,1.72656,0.914062,0.203125,0.197198,
pipuck15,1.92969,0.914062,0.203125,0.425966,
pipuck15,2.13281,0.914062,0.203125,0.0796748,
pipuck15,2.33594,0.914062,0.203125,0.18003,
pipuck15,2.53906,0.914062,0.203125,0.0892992,
pipuck15,2.74219,0.914062,0.203125,0.0692211,
pipuck15,2.94531,0.914062,0.203125,0.196037,
pipuck15,3.14844,0.914062,0.203125,0.0789058,
pipuck15,1.72656,0.710938,0.203125,0.451809,
pipuck15,1.92969,0.710938,0.203125,0.133938,
pipuck15,1.72656,0.507812,0.203125,0.513324,
pipuck15,1.92969,0.507812,0.203125,0.0878279,
pipuck15,2.13281,0.710938,0.203125,0.0567529,
pipuck15,2.33594,0.710938,0.203125,0.163877,
pipuck15,2.13281,0.507812,0.203125,0.0572079,
pipuck15,2.33594,0.507812,0.203125,0.500508,
pipuck15,1.92969,0.304688,0.203125,0.0874303,
pipuck15,1.72656,0.101562,0.203125,0.520998,
pipuck15,1.92969,0.101562,0.203125,0.0901981,
pipuck15,2.13281,0.304688,0.203125,0.054465,
pipuck15,2.33594,0.304688,0.203125,0.646827,
pipuck15,2.13281,0.101562,0.203125,0.0535438,
pipuck15,2.33594,0.101562,0.203125,0.868596,
pipuck15,2.53906,0.710938,0.203125,0.0590195,
pipuck15,2.74219,0.710938,0.203125,0.168829,
pipuck15,2.53906,0.507812,0.203125,0.588572,
pipuck15,2.74219,0.507812,0.203125,0.392453,
pipuck15,2.94531,0.710938,0.203125,0.0643734,
pipuck15,3.14844,0.710938,0.203125,0.0656932,
pipuck15,2.94531,0.507812,0.203125,0.612201,
pipuck15,3.14844,0.507812,0.203125,0.729498,
pipuck15,2.64062,0.203125,0.40625,0.826157,
pipuck15,3.04688,0.203125,0.40625,0.847596,
pipuck15,3.35156,0.914062,0.203125,0.0768263,
pipuck15,3.55469,0.914062,0.203125,0.194468,
pipuck15,3.75781,0.914062,0.203125,0.292585,
pipuck15,3.96094,0.914062,0.203125,0.454452,
pipuck15,3.35156,0.710938,0.203125,0.0717552,
pipuck15,3.55469,0.710938,0.203125,0.0648142,
pipuck15,3.35156,0.507812,0.203125,0.43561,
pipuck15,3.55469,0.507812,0.203125,0.853178,
pipuck15,3.75781,0.710938,0.203125,0.0608318,
pipuck15,3.96094,0.710938,0.203125,0.0576621,
pipuck15,3.75781,0.507812,0.203125,0.0520487,
pipuck15,3.96094,0.507812,0.203125,0.0507595,
pipuck15,3.45312,0.203125,0.40625,0.848247,
pipuck15,3.75781,0.304688,0.203125,0.872591,
pipuck15,3.96094,0.304688,0.203125,0.0616974,
pipuck15,3.75781,0.101562,0.203125,0.870064,
pipuck15,3.96094,0.101562,0.203125,0.267427,
pipuck15,4.16406,0.710938,0.203125,0.199709,
pipuck15,4.36719,0.710938,0.203125,0.299975,
pipuck15,4.16406,0.507812,0.203125,0.199368,
pipuck15,4.36719,0.507812,0.203125,0.497878,
pipuck15,4.16406,0.304688,0.203125,0.0711224,
pipuck15,4.36719,0.304688,0.203125,0.295566,
pipuck15,4.16406,0.101562,0.203125,0.0655557,
pipuck15,4.36719,0.101562,0.203125,0.499938,
pipuck15,-4.97656,-0.101562,0.203125,0.299686,
pipuck15,-5.17969,-0.304688,0.203125,0.500151,
pipuck15,-4.97656,-0.304688,0.203125,0.466872,
pipuck15,-5.17969,-0.507812,0.203125,0.499777,
pipuck15,-4.97656,-0.507812,0.203125,0.258412,
pipuck15,-5.17969,-0.710938,0.203125,0.499799,
pipuck15,-4.97656,-0.710938,0.203125,0.299115,
pipuck15,-4.97656,-0.914062,0.203125,0.500818,
pipuck15,-4.97656,-1.11719,0.203125,0.50005,
pipuck15,-4.97656,-1.32031,0.203125,0.299436,
pipuck15,-4.97656,-1.52344,0.203125,0.472477,
pipuck15,-4.77344,-0.101562,0.203125,0.557029,
pipuck15,-4.57031,-0.101562,0.203125,0.547145,
pipuck15,-4.77344,-0.304688,0.203125,0.280672,
pipuck15,-4.57031,-0.304688,0.203125,0.54638,
pipuck15,-4.36719,-0.101562,0.203125,0.518041,
pipuck15,-4.16406,-0.101562,0.203125,0.212327,
pipuck15,-4.36719,-0.304688,0.203125,0.234015,
pipuck15,-4.16406,-0.304688,0.203125,0.515873,
pipuck15,-4.77344,-0.507812,0.203125,0.260499,
pipuck15,-4.57031,-0.507812,0.203125,0.258663,
pipuck15,-4.77344,-0.710938,0.203125,0.167386,
pipuck15,-4.57031,-0.710938,0.203125,0.43384,
pipuck15,-4.36719,-0.507812,0.203125,0.528646,
pipuck15,-4.16406,-0.507812,0.203125,0.527202,
pipuck15,-4.36719,-0.710938,0.203125,0.748369,
pipuck15,-4.16406,-0.710938,0.203125,0.750367,
pipuck15,-3.85938,-0.203125,0.40625,0.751891,
pipuck15,-3.45312,-0.203125,0.40625,0.810987,
pipuck15,-3.96094,-0.507812,0.203125,0.814864,
pipuck15,-3.75781,-0.507812,0.203125,0.814864,
pipuck15,-3.96094,-0.710938,0.203125,0.88602,
pipuck15,-3.75781,-0.710938,0.203125,0.885298,
pipuck15,-3.45312,-0.609375,0.40625,0.87604,
pipuck15,-4.77344,-0.914062,0.203125,0.246355,
pipuck15,-4.57031,-0.914062,0.203125,0.283626,
pipuck15,-4.77344,-1.11719,0.203125,0.207089,
pipuck15,-4.57031,-1.11719,0.203125,0.165469,
pipuck15,-4.36719,-0.914062,0.203125,0.742351,
pipuck15,-4.16406,-0.914062,0.203125,0.895532,
pipuck15,-4.36719,-1.11719,0.203125,0.864553,
pipuck15,-4.16406,-1.11719,0.203125,0.897015,
pipuck15,-4.77344,-1.32031,0.203125,0.248721,
pipuck15,-4.57031,-1.32031,0.203125,0.100541,
pipuck15,-4.77344,-1.52344,0.203125,0.229211,
pipuck15,-4.57031,-1.52344,0.203125,0.100167,
pipuck15,-4.36719,-1.32031,0.203125,0.898505,
pipuck15,-4.16406,-1.32031,0.203125,0.897759,
pipuck15,-4.36719,-1.52344,0.203125,0.832656,
pipuck15,-4.16406,-1.52344,0.203125,0.898505,
pipuck15,-3.65625,-1.21875,0.8125,0.88465,
pipuck15,-4.97656,-1.72656,0.203125,0.500002,
pipuck15,-4.77344,-1.72656,0.203125,0.22588,
pipuck15,-4.57031,-1.72656,0.203125,0.100167,
pipuck15,-4.77344,-1.92969,0.203125,0.225645,
pipuck15,-4.57031,-1.92969,0.203125,0.204345,
pipuck15,-4.36719,-1.72656,0.203125,0.775062,
pipuck15,-4.16406,-1.72656,0.203125,0.837424,
pipuck15,-4.36719,-1.92969,0.203125,0.775062,
pipuck15,-4.16406,-1.92969,0.203125,0.775062,
pipuck15,-4.77344,-2.13281,0.203125,0.279462,
pipuck15,-4.57031,-2.13281,0.203125,0.255418,
pipuck15,-4.77344,-2.33594,0.203125,0.287685,
pipuck15,-4.57031,-2.33594,0.203125,0.156938,
pipuck15,-4.36719,-2.13281,0.203125,0.593043,
pipuck15,-4.16406,-2.13281,0.203125,0.820705,
pipuck15,-4.36719,-2.33594,0.203125,0.691199,
pipuck15,-4.16406,-2.33594,0.203125,0.821083,
pipuck15,-3.65625,-2.03125,0.8125,0.888932,
pipuck15,-4.77344,-2.53906,0.203125,0.518645,
pipuck15,-4.57031,-2.53906,0.203125,0.251851,
pipuck15,-4.77344,-2.74219,0.203125,0.508587,
pipuck15,-4.57031,-2.74219,0.203125,0.162456,
pipuck15,-4.36719,-2.53906,0.203125,0.381963,
pipuck15,-4.16406,-2.53906,0.203125,0.833799,
pipuck15,-4.36719,-2.74219,0.203125,0.107512,
pipuck15,-4.16406,-2.74219,0.203125,0.831501,
pipuck15,-4.77344,-2.94531,0.203125,0.504514,
pipuck15,-4.57031,-2.94531,0.203125,0.107151,
pipuck15,-4.77344,-3.14844,0.203125,0.500194,
pipuck15,-4.57031,-3.14844,0.203125,0.167972,
pipuck15,-4.36719,-2.94531,0.203125,0.451829,
pipuck15,-4.16406,-2.94531,0.203125,0.750415,
pipuck15,-4.36719,-3.14844,0.203125,0.476758,
pipuck15,-4.16406,-3.14844,0.203125,0.88602,
pipuck15,-3.65625,-2.84375,0.8125,0.887306,
pipuck15,-3.14844,-0.101562,0.203125,0.716536,
pipuck15,-2.94531,-0.101562,0.203125,0.692658,
pipuck15,-3.14844,-0.304688,0.203125,0.71384,
pipuck15,-2.94531,-0.304688,0.203125,0.607923,
pipuck15,-2.74219,-0.101562,0.203125,0.178161,
pipuck15,-2.53906,-0.101562,0.203125,0.285748,
pipuck15,-2.74219,-0.304688,0.203125,0.27076,
pipuck15,-2.53906,-0.304688,0.203125,0.498118,
pipuck15,-3.14844,-0.507812,0.203125,0.786814,
pipuck15,-2.94531,-0.507812,0.203125,0.649548,
pipuck15,-3.14844,-0.710938,0.203125,0.857496,
pipuck15,-2.94531,-0.710938,0.203125,0.723636,
pipuck15,-2.74219,-0.507812,0.203125,0.265956,
pipuck15,-2.53906,-0.507812,0.203125,0.270141,
pipuck15,-2.74219,-0.710938,0.203125,0.154099,
pipuck15,-2.53906,-0.710938,0.203125,0.154099,
pipuck15,-2.13281,-0.101562,0.203125,0.499827,
pipuck15,-2.33594,-0.304688,0.203125,0.487283,
pipuck15,-2.13281,-0.304688,0.203125,0.297372,
pipuck15,-1.92969,-0.101562,0.203125,0.056502,
pipuck15,-1.72656,-0.101562,0.203125,0.207909,
pipuck15,-1.92969,-0.304688,0.203125,0.0662422,
pipuck15,-1.72656,-0.304688,0.203125,0.270129,
pipuck15,-2.33594,-0.507812,0.203125,0.48572,
pipuck15,-2.13281,-0.507812,0.203125,0.142602,
pipuck15,-2.33594,-0.710938,0.203125,0.281615,
pipuck15,-2.13281,-0.710938,0.203125,0.113976,
pipuck15,-1.92969,-0.507812,0.203125,0.0595396,
pipuck15,-1.72656,-0.507812,0.203125,0.2627,
pipuck15,-1.92969,-0.710938,0.203125,0.0612494,
pipuck15,-1.72656,-0.710938,0.203125,0.87533,
pipuck15,-3.04688,-1.01562,0.40625,0.871244,
pipuck15,-2.74219,-0.914062,0.203125,0.812189,
pipuck15,-2.53906,-0.914062,0.203125,0.818421,
pipuck15,-2.74219,-1.11719,0.203125,0.857496,
pipuck15,-2.53906,-1.11719,0.203125,0.781681,
pipuck15,-3.04688,-1.42188,0.40625,0.878152,
pipuck15,-2.64062,-1.42188,0.40625,0.870074,
pipuck15,-2.33594,-0.914062,0.203125,0.119919,
pipuck15,-2.13281,-0.914062,0.203125,0.056471,
pipuck15,-2.33594,-1.11719,0.203125,0.707852,
pipuck15,-2.13281,-1.11719,0.203125,0.407106,
pipuck15,-1.92969,-0.914062,0.203125,0.0626288,
pipuck15,-1.72656,-0.914062,0.203125,0.87533,
pipuck15,-1.92969,-1.11719,0.203125,0.714455,
pipuck15,-1.72656,-1.11719,0.203125,0.87533,
pipuck15,-2.23438,-1.42188,0.40625,0.863665,
pipuck15,-1.82812,-1.42188,0.40625,0.884502,
pipuck15,-1.21875,-0.40625,0.8125,0.861324,
pipuck15,-0.40625,-0.40625,0.8125,0.851187,
pipuck15,-1.21875,-1.21875,0.8125,0.884496,
pipuck15,-0.609375,-1.01562,0.40625,0.86489,
pipuck15,-0.203125,-1.01562,0.40625,0.860306,
pipuck15,-0.609375,-1.42188,0.40625,0.846289,
pipuck15,-0.304688,-1.32031,0.203125,0.814972,
pipuck15,-0.101562,-1.32031,0.203125,0.84609,
pipuck15,-0.304688,-1.52344,0.203125,0.0618936,
pipuck15,-0.101562,-1.52344,0.203125,0.450529,
pipuck15,-2.84375,-2.03125,0.8125,0.88739,
pipuck15,-2.03125,-2.03125,0.8125,0.888719,
pipuck15,-2.84375,-2.84375,0.8125,0.887716,
pipuck15,-2.23438,-2.64062,0.40625,0.882797,
pipuck15,-1.82812,-2.64062,0.40625,0.871767,
pipuck15,-2.23438,-3.04688,0.40625,0.886383,
pipuck15,-1.92969,-2.94531,0.203125,0.876033,
pipuck15,-1.72656,-2.94531,0.203125,0.874628,
pipuck15,-1.92969,-3.14844,0.203125,0.878151,
pipuck15,-1.72656,-3.14844,0.203125,0.225188,
pipuck15,-1.42188,-1.82812,0.40625,0.896192,
pipuck15,-1.11719,-1.72656,0.203125,0.87533,
pipuck15,-0.914062,-1.72656,0.203125,0.873228,
pipuck15,-1.11719,-1.92969,0.203125,0.728287,
pipuck15,-0.914062,-1.92969,0.203125,0.0643677,
pipuck15,-1.52344,-2.13281,0.203125,0.769389,
pipuck15,-1.32031,-2.13281,0.203125,0.0968199,
pipuck15,-1.52344,-2.33594,0.203125,0.0681276,
pipuck15,-1.32031,-2.33594,0.203125,0.0602108,
pipuck15,-1.11719,-2.13281,0.203125,0.0640186,
pipuck15,-0.914062,-2.13281,0.203125,0.0684415,
pipuck15,-1.11719,-2.33594,0.203125,0.056837,
pipuck15,-0.914062,-2.33594,0.203125,0.290969,
pipuck15,-0.710938,-1.72656,0.203125,0.0625867,
pipuck15,-0.507812,-1.72656,0.203125,0.0656875,
pipuck15,-0.710938,-1.92969,0.203125,0.0588601,
pipuck15,-0.507812,-1.92969,0.203125,0.643376,
pipuck15,-0.304688,-1.72656,0.203125,0.0622446,
pipuck15,-0.101562,-1.72656,0.203125,0.0625963,
pipuck15,-0.304688,-1.92969,0.203125,0.0526597,
pipuck15,-0.101562,-1.92969,0.203125,0.0632713,
pipuck15,-0.710938,-2.13281,0.203125,0.0588601,
pipuck15,-0.507812,-2.13281,0.203125,0.500029,
pipuck15,-0.710938,-2.33594,0.203125,0.291582,
pipuck15,-0.507812,-2.33594,0.203125,0.500001,
pipuck15,-0.304688,-2.13281,0.203125,0.298266,
pipuck15,-0.101562,-2.13281,0.203125,0.0576839,
pipuck15,-0.304688,-2.33594,0.203125,0.499998,
pipuck15,-0.101562,-2.33594,0.203125,0.473392,
pipuck15,-1.52344,-2.53906,0.203125,0.499119,
pipuck15,-1.32031,-2.53906,0.203125,0.199839,
pipuck15,-1.52344,-2.74219,0.203125,0.868368,
pipuck15,-1.32031,-2.74219,0.203125,0.39936,
pipuck15,-1.11719,-2.53906,0.203125,0.228375,
pipuck15,-0.914062,-2.53906,0.203125,0.50001,
pipuck15,-1.11719,-2.74219,0.203125,0.252323,
pipuck15,-0.914062,-2.74219,0.203125,0.499975,
pipuck15,-1.52344,-2.94531,0.203125,0.616027,
pipuck15,-1.32031,-2.94531,0.203125,0.444823,
pipuck15,-1.52344,-3.14844,0.203125,0.114306,
pipuck15,-1.32031,-3.14844,0.203125,0.104816,
pipuck15,-1.11719,-2.94531,0.203125,0.108397,
pipuck15,-0.914062,-2.94531,0.203125,0.499955,
pipuck15,-1.11719,-3.14844,0.203125,0.278267,
pipuck15,-0.914062,-3.14844,0.203125,0.499992,
pipuck15,-0.507812,-2.74219,0.203125,0.416677,
pipuck15,-0.304688,-2.53906,0.203125,0.427406,
pipuck15,-0.101562,-2.53906,0.203125,0.130139,
pipuck15,-0.304688,-2.74219,0.203125,0.133854,
pipuck15,-0.101562,-2.74219,0.203125,0.136954,
pipuck15,-0.710938,-3.14844,0.203125,0.500014,
pipuck15,-0.304688,-2.94531,0.203125,0.149098,
pipuck15,-0.101562,-2.94531,0.203125,0.139889,
pipuck15,-0.304688,-3.14844,0.203125,0.272974,
pipuck15,-0.101562,-3.14844,0.203125,0.0925419,
pipuck15,-4.77344,-3.35156,0.203125,0.299999,
pipuck15,-4.57031,-3.35156,0.203125,0.192264,
pipuck15,-4.77344,-3.55469,0.203125,0.491449,
pipuck15,-4.57031,-3.55469,0.203125,0.377165,
pipuck15,-4.26562,-3.45312,0.40625,0.8961,
pipuck15,-4.77344,-3.75781,0.203125,0.501715,
pipuck15,-4.57031,-3.75781,0.203125,0.126518,
pipuck15,-4.77344,-3.96094,0.203125,0.501937,
pipuck15,-4.57031,-3.96094,0.203125,0.0532552,
pipuck15,-4.36719,-3.75781,0.203125,0.826544,
pipuck15,-4.16406,-3.75781,0.203125,0.898505,
pipuck15,-4.36719,-3.96094,0.203125,0.741563,
pipuck15,-4.16406,-3.96094,0.203125,0.803215,
pipuck15,-3.85938,-3.45312,0.40625,0.896242,
pipuck15,-3.55469,-3.35156,0.203125,0.894792,
pipuck15,-3.35156,-3.35156,0.203125,0.874628,
pipuck15,-3.55469,-3.55469,0.203125,0.737214,
pipuck15,-3.35156,-3.55469,0.203125,0.752921,
pipuck15,-3.96094,-3.75781,0.203125,0.893316,
pipuck15,-3.75781,-3.75781,0.203125,0.836773,
pipuck15,-3.96094,-3.96094,0.203125,0.783958,
pipuck15,-3.75781,-3.96094,0.203125,0.783958,
pipuck15,-3.55469,-3.75781,0.203125,0.806397,
pipuck15,-3.35156,-3.75781,0.203125,0.384158,
pipuck15,-3.55469,-3.96094,0.203125,0.817519,
pipuck15,-3.35156,-3.96094,0.203125,0.82441,
pipuck15,-4.77344,-4.16406,0.203125,0.298434,
pipuck15,-4.57031,-4.16406,0.203125,0.0878279,
pipuck15,-4.77344,-4.36719,0.203125,0.500121,
pipuck15,-4.57031,-4.36719,0.203125,0.0838179,
pipuck15,-4.36719,-4.16406,0.203125,0.704528,
pipuck15,-4.16406,-4.16406,0.203125,0.814535,
pipuck15,-4.36719,-4.36719,0.203125,0.416664,
pipuck15,-4.16406,-4.36719,0.203125,0.816552,
pipuck15,-4.77344,-4.57031,0.203125,0.499951,
pipuck15,-4.57031,-4.57031,0.203125,0.0817846,
pipuck15,-4.77344,-4.77344,0.203125,0.299999,
pipuck15,-4.57031,-4.77344,0.203125,0.223293,
pipuck15,-4.26562,-4.67188,0.40625,0.792046,
pipuck15,-3.85938,-4.26562,0.40625,0.792046,
pipuck15,-3.55469,-4.16406,0.203125,0.815122,
pipuck15,-3.35156,-4.16406,0.203125,0.728126,
pipuck15,-3.55469,-4.36719,0.203125,0.8149,
pipuck15,-3.35156,-4.36719,0.203125,0.815122,
pipuck15,-3.96094,-4.57031,0.203125,0.815423,
pipuck15,-3.75781,-4.57031,0.203125,0.815272,
pipuck15,-3.96094,-4.77344,0.203125,0.765906,
pipuck15,-3.75781,-4.77344,0.203125,0.813031,
pipuck15,-3.45312,-4.67188,0.40625,0.779018,
pipuck15,-4.77344,-4.97656,0.203125,0.299816,
pipuck15,-4.57031,-4.97656,0.203125,0.279367,
pipuck15,-4.77344,-5.17969,0.203125,0.299862,
pipuck15,-4.57031,-5.17969,0.203125,0.273217,
pipuck15,-4.36719,-4.97656,0.203125,0.605172,
pipuck15,-4.16406,-4.97656,0.203125,0.610626,
pipuck15,-4.36719,-5.17969,0.203125,0.549432,
pipuck15,-4.16406,-5.17969,0.203125,0.655432,
pipuck15,-4.77344,-5.38281,0.203125,0.499945,
pipuck15,-4.57031,-5.38281,0.203125,0.28741,
pipuck15,-4.77344,-5.58594,0.203125,0.29954,
pipuck15,-4.57031,-5.58594,0.203125,0.272091,
pipuck15,-4.36719,-5.38281,0.203125,0.540113,
pipuck15,-4.16406,-5.38281,0.203125,0.682808,
pipuck15,-4.36719,-5.58594,0.203125,0.395721,
pipuck15,-4.16406,-5.58594,0.203125,0.608507,
pipuck15,-3.85938,-5.07812,0.40625,0.726152,
pipuck15,-3.55469,-4.97656,0.203125,0.755578,
pipuck15,-3.35156,-4.97656,0.203125,0.701344,
pipuck15,-3.55469,-5.17969,0.203125,0.709507,
pipuck15,-3.35156,-5.17969,0.203125,0.709507,
pipuck15,-3.96094,-5.38281,0.203125,0.713513,
pipuck15,-3.75781,-5.38281,0.203125,0.712613,
pipuck15,-3.96094,-5.58594,0.203125,0.405773,
pipuck15,-3.75781,-5.58594,0.203125,0.674051,
pipuck15,-3.55469,-5.38281,0.203125,0.708558,
pipuck15,-3.35156,-5.38281,0.203125,0.707544,
pipuck15,-3.55469,-5.58594,0.203125,0.551513,
pipuck15,-3.35156,-5.58594,0.203125,0.252333,
pipuck15,-4.57031,-5.78906,0.203125,0.275427,
pipuck15,-4.36719,-5.78906,0.203125,0.113163,
pipuck15,-4.16406,-5.78906,0.203125,0.0966533,
pipuck15,-4.16406,-5.99219,0.203125,0.298609,
pipuck15,-3.96094,-5.78906,0.203125,0.0866803,
pipuck15,-3.75781,-5.78906,0.203125,0.105062,
pipuck15,-3.96094,-5.99219,0.203125,0.299999,
pipuck15,-3.75781,-5.99219,0.203125,0.489255,
pipuck15,-3.55469,-5.78906,0.203125,0.124668,
pipuck15,-3.35156,-5.78906,0.203125,0.0909823,
pipuck15,-3.55469,-5.99219,0.203125,0.499996,
pipuck15,-3.35156,-5.99219,0.203125,0.499998,
pipuck15,-3.04688,-3.45312,0.40625,0.880376,
pipuck15,-2.74219,-3.35156,0.203125,0.898505,
pipuck15,-2.53906,-3.35156,0.203125,0.892178,
pipuck15,-2.74219,-3.55469,0.203125,0.8178,
pipuck15,-2.53906,-3.55469,0.203125,0.892178,
pipuck15,-3.14844,-3.75781,0.203125,0.0809659,
pipuck15,-2.94531,-3.75781,0.203125,0.731461,
pipuck15,-3.14844,-3.96094,0.203125,0.0874996,
pipuck15,-2.94531,-3.96094,0.203125,0.229835,
pipuck15,-2.74219,-3.75781,0.203125,0.444757,
pipuck15,-2.53906,-3.75781,0.203125,0.577207,
pipuck15,-2.74219,-3.96094,0.203125,0.0639165,
pipuck15,-2.53906,-3.96094,0.203125,0.859774,
pipuck15,-2.23438,-3.45312,0.40625,0.891608,
pipuck15,-1.92969,-3.35156,0.203125,0.881708,
pipuck15,-1.72656,-3.35156,0.203125,0.525539,
pipuck15,-1.92969,-3.55469,0.203125,0.887469,
pipuck15,-1.72656,-3.55469,0.203125,0.819915,
pipuck15,-2.23438,-3.85938,0.40625,0.892257,
pipuck15,-1.82812,-3.85938,0.40625,0.888894,
pipuck15,-3.14844,-4.16406,0.203125,0.270659,
pipuck15,-2.94531,-4.16406,0.203125,0.18448,
pipuck15,-3.14844,-4.36719,0.203125,0.527706,
pipuck15,-2.94531,-4.36719,0.203125,0.0882248,
pipuck15,-2.74219,-4.16406,0.203125,0.0663103,
pipuck15,-2.53906,-4.16406,0.203125,0.767831,
pipuck15,-2.74219,-4.36719,0.203125,0.0681655,
pipuck15,-2.53906,-4.36719,0.203125,0.765198,
pipuck15,-3.14844,-4.57031,0.203125,0.231765,
pipuck15,-2.94531,-4.57031,0.203125,0.275116,
pipuck15,-3.14844,-4.77344,0.203125,0.24339,
pipuck15,-2.94531,-4.77344,0.203125,0.0914268,
pipuck15,-2.74219,-4.57031,0.203125,0.138103,
pipuck15,-2.53906,-4.57031,0.203125,0.466345,
pipuck15,-2.74219,-4.77344,0.203125,0.0666548,
pipuck15,-2.53906,-4.77344,0.203125,0.110516,
pipuck15,-2.23438,-4.26562,0.40625,0.884313,
pipuck15,-1.82812,-4.26562,0.40625,0.892402,
pipuck15,-2.23438,-4.67188,0.40625,0.852422,
pipuck15,-1.92969,-4.57031,0.203125,0.894053,
pipuck15,-1.72656,-4.57031,0.203125,0.871137,
pipuck15,-1.92969,-4.77344,0.203125,0.823897,
pipuck15,-1.72656,-4.77344,0.203125,0.787201,
pipuck15,-1.52344,-3.35156,0.203125,0.0667328,
pipuck15,-1.32031,-3.35156,0.203125,0.0629253,
pipuck15,-1.52344,-3.55469,0.203125,0.49278,
pipuck15,-1.32031,-3.55469,0.203125,0.151444,
pipuck15,-1.11719,-3.35156,0.203125,0.106363,
pipuck15,-0.914062,-3.35156,0.203125,0.142942,
pipuck15,-1.11719,-3.55469,0.203125,0.0706416,
pipuck15,-0.914062,-3.55469,0.203125,0.141033,
pipuck15,-1.42188,-3.85938,0.40625,0.876585,
pipuck15,-1.11719,-3.75781,0.203125,0.735095,
pipuck15,-0.914062,-3.75781,0.203125,0.420758,
pipuck15,-1.11719,-3.96094,0.203125,0.871137,
pipuck15,-0.914062,-3.96094,0.203125,0.873228,
pipuck15,-0.710938,-3.35156,0.203125,0.514267,
pipuck15,-0.507812,-3.35156,0.203125,0.567365,
pipuck15,-0.710938,-3.55469,0.203125,0.64326,
pipuck15,-0.507812,-3.55469,0.203125,0.107889,
pipuck15,-0.304688,-3.35156,0.203125,0.371185,
pipuck15,-0.101562,-3.35156,0.203125,0.0622454,
pipuck15,-0.304688,-3.55469,0.203125,0.160779,
pipuck15,-0.101562,-3.55469,0.203125,0.0632713,
pipuck15,-0.710938,-3.75781,0.203125,0.231925,
pipuck15,-0.507812,-3.75781,0.203125,0.279666,
pipuck15,-0.710938,-3.96094,0.203125,0.873228,
pipuck15,-0.507812,-3.96094,0.203125,0.873228,
pipuck15,-0.304688,-3.75781,0.203125,0.152831,
pipuck15,-0.101562,-3.75781,0.203125,0.23122,
pipuck15,-0.304688,-3.96094,0.203125,0.873228,
pipuck15,-0.101562,-3.96094,0.203125,0.873228,
pipuck15,-1.21875,-4.46875,0.8125,0.872484,
pipuck15,-0.40625,-4.46875,0.8125,0.868228,
pipuck15,-3.14844,-4.97656,0.203125,0.196048,
pipuck15,-2.94531,-4.97656,0.203125,0.198861,
pipuck15,-3.14844,-5.17969,0.203125,0.471262,
pipuck15,-2.94531,-5.17969,0.203125,0.178213,
pipuck15,-2.74219,-4.97656,0.203125,0.0608744,
pipuck15,-2.53906,-4.97656,0.203125,0.0612859,
pipuck15,-2.74219,-5.17969,0.203125,0.157375,
pipuck15,-2.53906,-5.17969,0.203125,0.0933173,
pipuck15,-3.14844,-5.38281,0.203125,0.460075,
pipuck15,-2.94531,-5.38281,0.203125,0.272714,
pipuck15,-3.14844,-5.58594,0.203125,0.0940898,
pipuck15,-2.94531,-5.58594,0.203125,0.276316,
pipuck15,-2.74219,-5.38281,0.203125,0.278221,
pipuck15,-2.53906,-5.38281,0.203125,0.108231,
pipuck15,-2.74219,-5.58594,0.203125,0.253614,
pipuck15,-2.33594,-4.97656,0.203125,0.351607,
pipuck15,-2.13281,-4.97656,0.203125,0.357026,
pipuck15,-2.33594,-5.17969,0.203125,0.0838179,
pipuck15,-2.13281,-5.17969,0.203125,0.162147,
pipuck15,-1.92969,-4.97656,0.203125,0.532524,
pipuck15,-1.72656,-4.97656,0.203125,0.694048,
pipuck15,-1.92969,-5.17969,0.203125,0.0630462,
pipuck15,-1.72656,-5.17969,0.203125,0.0648142,
pipuck15,-2.33594,-5.38281,0.203125,0.169458,
pipuck15,-2.13281,-5.38281,0.203125,0.180192,
pipuck15,-1.92969,-5.38281,0.203125,0.503107,
pipuck15,-1.72656,-5.38281,0.203125,0.171032,
pipuck15,-1.72656,-5.58594,0.203125,0.499995,
pipuck15,-3.14844,-5.78906,0.203125,0.274346,
pipuck15,-2.94531,-5.78906,0.203125,0.296902,
pipuck15,-1.52344,-4.97656,0.203125,0.648885,
pipuck15,-1.32031,-4.97656,0.203125,0.796706,
pipuck15,-1.52344,-5.17969,0.203125,0.0709718,
pipuck15,-1.32031,-5.17969,0.203125,0.0691767,
pipuck15,-1.11719,-4.97656,0.203125,0.86831,
pipuck15,-0.914062,-4.97656,0.203125,0.871137,
pipuck15,-1.11719,-5.17969,0.203125,0.0704696,
pipuck15,-0.914062,-5.17969,0.203125,0.86358,
pipuck15,-1.52344,-5.38281,0.203125,0.151619,
pipuck15,-1.32031,-5.38281,0.203125,0.152174,
pipuck15,-1.52344,-5.58594,0.203125,0.497352,
pipuck15,-1.32031,-5.58594,0.203125,0.498511,
pipuck15,-1.11719,-5.38281,0.203125,0.674014,
pipuck15,-0.914062,-5.38281,0.203125,0.546151,
pipuck15,-1.11719,-5.58594,0.203125,0.119759,
pipuck15,-0.914062,-5.58594,0.203125,0.774997,
pipuck15,-0.609375,-5.07812,0.40625,0.838383,
pipuck15,-0.203125,-5.07812,0.40625,0.866892,
pipuck15,-0.710938,-5.38281,0.203125,0.873228,
pipuck15,-0.507812,-5.38281,0.203125,0.873927,
pipuck15,-0.710938,-5.58594,0.203125,0.657523,
pipuck15,-0.507812,-5.58594,0.203125,0.583798,
pipuck15,-0.203125,-5.48438,0.40625,0.86975,
pipuck15,-1.32031,-5.78906,0.203125,0.515354,
pipuck15,-1.32031,-5.99219,0.203125,0.461474,
pipuck15,-1.11719,-5.78906,0.203125,0.107151,
pipuck15,-0.914062,-5.78906,0.203125,0.0904235,
pipuck15,-1.11719,-5.99219,0.203125,0.256317,
pipuck15,-0.914062,-5.99219,0.203125,0.238339,
pipuck15,-0.710938,-5.78906,0.203125,0.0768263,
pipuck15,-0.507812,-5.78906,0.203125,0.075989,
pipuck15,-0.710938,-5.99219,0.203125,0.094475,
pipuck15,-0.507812,-5.99219,0.203125,0.114273,
pipuck15,-0.304688,-5.78906,0.203125,0.0678708,
pipuck15,-0.101562,-5.78906,0.203125,0.067527,
pipuck15,-0.304688,-5.99219,0.203125,0.149201,
pipuck15,-0.101562,-5.99219,0.203125,0.153277,
pipuck15,0.203125,-0.203125,0.40625,0.872891,
pipuck15,0.507812,-0.101562,0.203125,0.0611935,
pipuck15,0.710938,-0.101562,0.203125,0.0595594,
pipuck15,0.507812,-0.304688,0.203125,0.878151,
pipuck15,0.710938,-0.304688,0.203125,0.400498,
pipuck15,0.203125,-0.609375,0.40625,0.86766,
pipuck15,0.609375,-0.609375,0.40625,0.858469,
pipuck15,0.914062,-0.101562,0.203125,0.0592149,
pipuck15,1.11719,-0.101562,0.203125,0.634001,
pipuck15,0.914062,-0.304688,0.203125,0.877444,
pipuck15,1.11719,-0.304688,0.203125,0.877444,
pipuck15,1.32031,-0.101562,0.203125,0.17229,
pipuck15,1.52344,-0.101562,0.203125,0.0488482,
pipuck15,1.32031,-0.304688,0.203125,0.843372,
pipuck15,1.52344,-0.304688,0.203125,0.0666548,
pipuck15,1.01562,-0.609375,0.40625,0.840508,
pipuck15,1.42188,-0.609375,0.40625,0.873228,
pipuck15,0.40625,-1.21875,0.8125,0.838508,
pipuck15,1.21875,-1.21875,0.8125,0.870118,
pipuck15,1.72656,-0.101562,0.203125,0.227117,
pipuck15,1.92969,-0.101562,0.203125,0.0884804,
pipuck15,1.72656,-0.304688,0.203125,0.0616402,
pipuck15,1.92969,-0.304688,0.203125,0.062339,
pipuck15,2.13281,-0.101562,0.203125,0.0543346,
pipuck15,2.33594,-0.101562,0.203125,0.877444,
pipuck15,2.13281,-0.304688,0.203125,0.0820541,
pipuck15,2.33594,-0.304688,0.203125,0.707379,
pipuck15,1.82812,-0.609375,0.40625,0.858902,
pipuck15,2.23438,-0.609375,0.40625,0.87533,
pipuck15,2.64062,-0.203125,0.40625,0.86975,
pipuck15,3.04688,-0.203125,0.40625,0.86975,
pipuck15,2.64062,-0.609375,0.40625,0.86975,
pipuck15,2.94531,-0.507812,0.203125,0.877444,
pipuck15,3.14844,-0.507812,0.203125,0.838001,
pipuck15,2.94531,-0.710938,0.203125,0.877444,
pipuck15,3.14844,-0.710938,0.203125,0.151723,
pipuck15,2.03125,-1.21875,0.8125,0.851827,
pipuck15,2.84375,-1.21875,0.8125,0.846425,
pipuck15,0.101562,-1.72656,0.203125,0.878151,
pipuck15,0.304688,-1.72656,0.203125,0.878151,
pipuck15,0.101562,-1.92969,0.203125,0.103918,
pipuck15,0.304688,-1.92969,0.203125,0.839634,
pipuck15,0.609375,-1.82812,0.40625,0.873683,
pipuck15,0.101562,-2.13281,0.203125,0.0575019,
pipuck15,0.304688,-2.13281,0.203125,0.0611935,
pipuck15,0.101562,-2.33594,0.203125,0.137499,
pipuck15,0.304688,-2.33594,0.203125,0.0630404,
pipuck15,0.609375,-2.23438,0.40625,0.876033,
pipuck15,0.914062,-1.72656,0.203125,0.877444,
pipuck15,1.11719,-1.72656,0.203125,0.877444,
pipuck15,0.914062,-1.92969,0.203125,0.877444,
pipuck15,1.11719,-1.92969,0.203125,0.206004,
pipuck15,1.32031,-1.72656,0.203125,0.708041,
pipuck15,1.52344,-1.72656,0.203125,0.877444,
pipuck15,1.32031,-1.92969,0.203125,0.0564817,
pipuck15,1.52344,-1.92969,0.203125,0.0738104,
pipuck15,0.914062,-2.13281,0.203125,0.877444,
pipuck15,1.11719,-2.13281,0.203125,0.413164,
pipuck15,0.914062,-2.33594,0.203125,0.871137,
pipuck15,1.11719,-2.33594,0.203125,0.729395,
pipuck15,1.32031,-2.13281,0.203125,0.0579033,
pipuck15,1.52344,-2.13281,0.203125,0.0564817,
pipuck15,1.32031,-2.33594,0.203125,0.775114,
pipuck15,1.52344,-2.33594,0.203125,0.713473,
pipuck15,0.101562,-2.53906,0.203125,0.145087,
pipuck15,0.304688,-2.53906,0.203125,0.0626894,
pipuck15,0.101562,-2.74219,0.203125,0.701081,
pipuck15,0.304688,-2.74219,0.203125,0.877444,
pipuck15,0.609375,-2.64062,0.40625,0.870585,
pipuck15,0.101562,-2.94531,0.203125,0.761999,
pipuck15,0.304688,-2.94531,0.203125,0.877444,
pipuck15,0.101562,-3.14844,0.203125,0.784066,
pipuck15,0.304688,-3.14844,0.203125,0.878151,
pipuck15,0.609375,-3.04688,0.40625,0.869817,
pipuck15,0.914062,-2.53906,0.203125,0.878151,
pipuck15,1.11719,-2.53906,0.203125,0.283078,
pipuck15,0.914062,-2.74219,0.203125,0.878151,
pipuck15,1.11719,-2.74219,0.203125,0.0969908,
pipuck15,1.32031,-2.53906,0.203125,0.75709,
pipuck15,1.52344,-2.53906,0.203125,0.751891,
pipuck15,1.32031,-2.74219,0.203125,0.782956,
pipuck15,1.52344,-2.74219,0.203125,0.873228,
pipuck15,0.914062,-2.94531,0.203125,0.878151,
pipuck15,1.11719,-2.94531,0.203125,0.0673316,
pipuck15,0.914062,-3.14844,0.203125,0.878151,
pipuck15,1.11719,-3.14844,0.203125,0.595605,
pipuck15,1.42188,-3.04688,0.40625,0.864153,
pipuck15,1.72656,-1.72656,0.203125,0.876749,
pipuck15,1.92969,-1.72656,0.203125,0.834451,
pipuck15,1.72656,-1.92969,0.203125,0.0561429,
pipuck15,1.92969,-1.92969,0.203125,0.0571735,
pipuck15,2.13281,-1.72656,0.203125,0.878151,
pipuck15,2.33594,-1.72656,0.203125,0.878151,
pipuck15,2.13281,-1.92969,0.203125,0.0514661,
pipuck15,2.33594,-1.92969,0.203125,0.0777801,
pipuck15,1.72656,-2.13281,0.203125,0.0917635,
pipuck15,1.92969,-2.13281,0.203125,0.0534555,
pipuck15,1.72656,-2.33594,0.203125,0.668418,
pipuck15,1.92969,-2.33594,0.203125,0.659586,
pipuck15,2.13281,-2.13281,0.203125,0.0621572,
pipuck15,2.33594,-2.13281,0.203125,0.0504798,
pipuck15,2.13281,-2.33594,0.203125,0.665393,
pipuck15,2.33594,-2.33594,0.203125,0.657986,
pipuck15,2.53906,-1.72656,0.203125,0.878151,
pipuck15,2.74219,-1.72656,0.203125,0.871202,
pipuck15,2.53906,-1.92969,0.203125,0.0936218,
pipuck15,2.74219,-1.92969,0.203125,0.335928,
pipuck15,2.94531,-1.72656,0.203125,0.878151,
pipuck15,3.14844,-1.72656,0.203125,0.878151,
pipuck15,2.94531,-1.92969,0.203125,0.112317,
pipuck15,3.14844,-1.92969,0.203125,0.336421,
pipuck15,2.53906,-2.13281,0.203125,0.0599202,
pipuck15,2.74219,-2.13281,0.203125,0.0475538,
pipuck15,2.53906,-2.33594,0.203125,0.656772,
pipuck15,2.74219,-2.33594,0.203125,0.243587,
pipuck15,2.94531,-2.13281,0.203125,0.0594702,
pipuck15,3.14844,-2.13281,0.203125,0.0590727,
pipuck15,2.94531,-2.33594,0.203125,0.673804,
pipuck15,3.14844,-2.33594,0.203125,0.676403,
pipuck15,1.82812,-2.64062,0.40625,0.822697,
pipuck15,2.13281,-2.53906,0.203125,0.823578,
pipuck15,2.33594,-2.53906,0.203125,0.776832,
pipuck15,2.13281,-2.74219,0.203125,0.873228,
pipuck15,2.33594,-2.74219,0.203125,0.804457,
pipuck15,1.82812,-3.04688,0.40625,0.851574,
pipuck15,2.23438,-3.04688,0.40625,0.864523,
pipuck15,2.53906,-2.53906,0.203125,0.44699,
pipuck15,2.74219,-2.53906,0.203125,0.202083,
pipuck15,2.53906,-2.74219,0.203125,0.201822,
pipuck15,2.74219,-2.74219,0.203125,0.208294,
pipuck15,2.94531,-2.53906,0.203125,0.291248,
pipuck15,3.14844,-2.53906,0.203125,0.676403,
pipuck15,2.94531,-2.74219,0.203125,0.786805,
pipuck15,3.14844,-2.74219,0.203125,0.846416,
pipuck15,2.53906,-2.94531,0.203125,0.179541,
pipuck15,2.74219,-2.94531,0.203125,0.187405,
pipuck15,2.53906,-3.14844,0.203125,0.229366,
pipuck15,2.74219,-3.14844,0.203125,0.0498245,
pipuck15,2.94531,-2.94531,0.203125,0.581195,
pipuck15,3.14844,-2.94531,0.203125,0.844291,
pipuck15,2.94531,-3.14844,0.203125,0.818021,
pipuck15,3.14844,-3.14844,0.203125,0.873228,
pipuck15,3.35156,-0.101562,0.203125,0.877444,
pipuck15,3.55469,-0.101562,0.203125,0.877444,
pipuck15,3.35156,-0.304688,0.203125,0.501602,
pipuck15,3.55469,-0.304688,0.203125,0.789832,
pipuck15,3.75781,-0.101562,0.203125,0.869048,
pipuck15,3.96094,-0.101562,0.203125,0.0674415,
pipuck15,3.75781,-0.304688,0.203125,0.696114,
pipuck15,3.96094,-0.304688,0.203125,0.162427,
pipuck15,3.35156,-0.507812,0.203125,0.655224,
pipuck15,3.55469,-0.507812,0.203125,0.83338,
pipuck15,3.35156,-0.710938,0.203125,0.0639318,
pipuck15,3.55469,-0.710938,0.203125,0.534352,
pipuck15,3.75781,-0.507812,0.203125,0.18844,
pipuck15,3.96094,-0.507812,0.203125,0.0792292,
pipuck15,3.75781,-0.710938,0.203125,0.299961,
pipuck15,3.96094,-0.710938,0.203125,0.264543,
pipuck15,4.16406,-0.101562,0.203125,0.0755692,
pipuck15,4.16406,-0.304688,0.203125,0.0674415,
pipuck15,4.36719,-0.304688,0.203125,0.499959,
pipuck15,4.16406,-0.507812,0.203125,0.066569,
pipuck15,4.16406,-0.710938,0.203125,0.0760719,
pipuck15,3.35156,-0.914062,0.203125,0.0553827,
pipuck15,3.55469,-0.914062,0.203125,0.10331,
pipuck15,3.35156,-1.11719,0.203125,0.0457936,
pipuck15,3.55469,-1.11719,0.203125,0.0553827,
pipuck15,3.96094,-0.914062,0.203125,0.275586,
pipuck15,3.75781,-1.11719,0.203125,0.501012,
pipuck15,3.96094,-1.11719,0.203125,0.293931,
pipuck15,3.35156,-1.32031,0.203125,0.397434,
pipuck15,3.55469,-1.32031,0.203125,0.0526192,
pipuck15,3.35156,-1.52344,0.203125,0.878151,
pipuck15,3.55469,-1.52344,0.203125,0.866824,
pipuck15,3.75781,-1.32031,0.203125,0.848684,
pipuck15,3.96094,-1.32031,0.203125,0.0691767,
pipuck15,3.75781,-1.52344,0.203125,0.878151,
pipuck15,3.96094,-1.52344,0.203125,0.373493,
pipuck15,4.16406,-0.914062,0.203125,0.22939,
pipuck15,4.16406,-1.11719,0.203125,0.262946,
pipuck15,4.16406,-1.32031,0.203125,0.0929299,
pipuck15,4.16406,-1.52344,0.203125,0.0687441,
pipuck15,3.35156,-1.72656,0.203125,0.673411,
pipuck15,3.55469,-1.72656,0.203125,0.861942,
pipuck15,3.35156,-1.92969,0.203125,0.0502924,
pipuck15,3.55469,-1.92969,0.203125,0.258763,
pipuck15,3.75781,-1.72656,0.203125,0.716389,
pipuck15,3.96094,-1.72656,0.203125,0.0603692,
pipuck15,3.75781,-1.92969,0.203125,0.188975,
pipuck15,3.96094,-1.92969,0.203125,0.0617115,
pipuck15,3.35156,-2.13281,0.203125,0.200564,
pipuck15,3.55469,-2.13281,0.203125,0.802728,
pipuck15,3.35156,-2.33594,0.203125,0.676403,
pipuck15,3.55469,-2.33594,0.203125,0.671139,
pipuck15,3.75781,-2.13281,0.203125,0.552979,
pipuck15,3.96094,-2.13281,0.203125,0.248425,
pipuck15,3.75781,-2.33594,0.203125,0.664878,
pipuck15,3.96094,-2.33594,0.203125,0.515281,
pipuck15,4.16406,-1.72656,0.203125,0.062158,
pipuck15,4.16406,-1.92969,0.203125,0.135955,
pipuck15,4.36719,-1.92969,0.203125,0.487348,
pipuck15,4.16406,-2.13281,0.203125,0.484303,
pipuck15,4.36719,-2.13281,0.203125,0.298283,
pipuck15,4.16406,-2.33594,0.203125,0.464212,
pipuck15,4.36719,-2.33594,0.203125,0.490928,
pipuck15,3.35156,-2.53906,0.203125,0.671912,
pipuck15,3.55469,-2.53906,0.203125,0.671912,
pipuck15,3.35156,-2.74219,0.203125,0.830005,
pipuck15,3.55469,-2.74219,0.203125,0.703239,
pipuck15,3.75781,-2.53906,0.203125,0.608236,
pipuck15,3.96094,-2.53906,0.203125,0.561542,
pipuck15,3.75781,-2.74219,0.203125,0.786643,
pipuck15,3.96094,-2.74219,0.203125,0.538652,
pipuck15,3.45312,-3.04688,0.40625,0.832322,
pipuck15,3.75781,-2.94531,0.203125,0.847124,
pipuck15,3.96094,-2.94531,0.203125,0.773834,
pipuck15,3.75781,-3.14844,0.203125,0.855145,
pipuck15,3.96094,-3.14844,0.203125,0.614126,
pipuck15,4.16406,-2.53906,0.203125,0.202304,
pipuck15,4.36719,-2.53906,0.203125,0.298041,
pipuck15,4.16406,-2.74219,0.203125,0.180509,
pipuck15,4.36719,-2.74219,0.203125,0.167056,
pipuck15,4.16406,-2.94531,0.203125,0.0999051,
pipuck15,4.36719,-2.94531,0.203125,0.171737,
pipuck15,4.16406,-3.14844,0.203125,0.219139,
pipuck15,4.36719,-3.14844,0.203125,0.433789,
pipuck15,0.101562,-3.35156,0.203125,0.0624844,
pipuck15,0.304688,-3.35156,0.203125,0.0692764,
pipuck15,0.101562,-3.55469,0.203125,0.0861312,
pipuck15,0.304688,-3.55469,0.203125,0.878151,
pipuck15,0.609375,-3.45312,0.40625,0.868239,
pipuck15,0.203125,-3.85938,0.40625,0.86975,
pipuck15,0.609375,-3.85938,0.40625,0.86975,
pipuck15,0.914062,-3.35156,0.203125,0.878151,
pipuck15,1.11719,-3.35156,0.203125,0.185504,
pipuck15,0.914062,-3.55469,0.203125,0.846157,
pipuck15,1.11719,-3.55469,0.203125,0.615709,
pipuck15,1.42188,-3.45312,0.40625,0.851574,
pipuck15,0.914062,-3.75781,0.203125,0.847934,
pipuck15,1.11719,-3.75781,0.203125,0.489547,
pipuck15,0.914062,-3.96094,0.203125,0.873228,
pipuck15,1.11719,-3.96094,0.203125,0.706679,
pipuck15,1.42188,-3.85938,0.40625,0.857163,
pipuck15,0.40625,-4.46875,0.8125,0.864128,
pipuck15,1.21875,-4.46875,0.8125,0.862254,
pipuck15,2.03125,-3.65625,0.8125,0.845178,
pipuck15,2.53906,-3.35156,0.203125,0.0494203,
pipuck15,2.74219,-3.35156,0.203125,0.574259,
pipuck15,2.53906,-3.55469,0.203125,0.639974,
pipuck15,2.74219,-3.55469,0.203125,0.219276,
pipuck15,2.94531,-3.35156,0.203125,0.780039,
pipuck15,3.14844,-3.35156,0.203125,0.873228,
pipuck15,2.94531,-3.55469,0.203125,0.873927,
pipuck15,3.14844,-3.55469,0.203125,0.873927,
pipuck15,2.64062,-3.85938,0.40625,0.847269,
pipuck15,3.04688,-3.85938,0.40625,0.864126,
pipuck15,2.03125,-4.46875,0.8125,0.868394,
pipuck15,2.84375,-4.46875,0.8125,0.858683,
pipuck15,0.203125,-5.07812,0.40625,0.869205,
pipuck15,0.609375,-5.07812,0.40625,0.856041,
pipuck15,0.101562,-5.38281,0.203125,0.824462,
pipuck15,0.304688,-5.38281,0.203125,0.0643029,
pipuck15,0.101562,-5.58594,0.203125,0.82985,
pipuck15,0.304688,-5.58594,0.203125,0.0658171,
pipuck15,0.507812,-5.38281,0.203125,0.0656875,
pipuck15,0.710938,-5.38281,0.203125,0.0653404,
pipuck15,0.507812,-5.58594,0.203125,0.0588082,
pipuck15,0.710938,-5.58594,0.203125,0.108231,
pipuck15,0.914062,-4.97656,0.203125,0.618744,
pipuck15,1.11719,-4.97656,0.203125,0.727375,
pipuck15,0.914062,-5.17969,0.203125,0.0562096,
pipuck15,1.11719,-5.17969,0.203125,0.0612968,
pipuck15,1.42188,-5.07812,0.40625,0.870794,
pipuck15,0.914062,-5.38281,0.203125,0.0552233,
pipuck15,1.11719,-5.38281,0.203125,0.175937,
pipuck15,0.914062,-5.58594,0.203125,0.157227,
pipuck15,1.11719,-5.58594,0.203125,0.0567465,
pipuck15,1.32031,-5.38281,0.203125,0.668314,
pipuck15,1.52344,-5.38281,0.203125,0.873927,
pipuck15,1.32031,-5.58594,0.203125,0.059874,
pipuck15,1.52344,-5.58594,0.203125,0.0638612,
pipuck15,0.101562,-5.78906,0.203125,0.0997676,
pipuck15,0.304688,-5.78906,0.203125,0.0824942,
pipuck15,0.101562,-5.99219,0.203125,0.0654059,
pipuck15,0.304688,-5.99219,0.203125,0.290359,
pipuck15,0.710938,-5.78906,0.203125,0.205625,
pipuck15,0.914062,-5.78906,0.203125,0.220263,
pipuck15,1.11719,-5.78906,0.203125,0.138576,
pipuck15,1.11719,-5.99219,0.203125,0.541374,
pipuck15,1.32031,-5.78906,0.203125,0.059874,
pipuck15,1.52344,-5.78906,0.203125,0.0515105,
pipuck15,1.32031,-5.99219,0.203125,0.499687,
pipuck15,1.52344,-5.99219,0.203125,0.29993,
pipuck15,1.82812,-5.07812,0.40625,0.867521,
pipuck15,2.23438,-5.07812,0.40625,0.867008,
pipuck15,1.72656,-5.38281,0.203125,0.873927,
pipuck15,1.92969,-5.38281,0.203125,0.873927,
pipuck15,1.72656,-5.58594,0.203125,0.0652484,
pipuck15,1.92969,-5.58594,0.203125,0.0624844,
pipuck15,2.13281,-5.38281,0.203125,0.873228,
pipuck15,2.33594,-5.38281,0.203125,0.873228,
pipuck15,2.13281,-5.58594,0.203125,0.0624844,
pipuck15,2.33594,-5.58594,0.203125,0.0639092,
pipuck15,2.64062,-5.07812,0.40625,0.859927,
pipuck15,3.04688,-5.07812,0.40625,0.856439,
pipuck15,2.53906,-5.38281,0.203125,0.873228,
pipuck15,2.74219,-5.38281,0.203125,0.873228,
pipuck15,2.53906,-5.58594,0.203125,0.147848,
pipuck15,2.74219,-5.58594,0.203125,0.0632713,
pipuck15,2.94531,-5.38281,0.203125,0.873228,
pipuck15,3.14844,-5.38281,0.203125,0.873927,
pipuck15,2.94531,-5.58594,0.203125,0.0953583,
pipuck15,3.14844,-5.58594,0.203125,0.209263,
pipuck15,1.72656,-5.78906,0.203125,0.075989,
pipuck15,1.92969,-5.78906,0.203125,0.058199,
pipuck15,1.72656,-5.99219,0.203125,0.499986,
pipuck15,1.92969,-5.99219,0.203125,0.499984,
pipuck15,2.13281,-5.78906,0.203125,0.0615647,
pipuck15,2.33594,-5.78906,0.203125,0.0619047,
pipuck15,2.53906,-5.78906,0.203125,0.0622454,
pipuck15,2.74219,-5.78906,0.203125,0.0492686,
pipuck15,2.53906,-5.99219,0.203125,0.440362,
pipuck15,2.74219,-5.99219,0.203125,0.47913,
pipuck15,2.94531,-5.78906,0.203125,0.0567465,
pipuck15,3.14844,-5.78906,0.203125,0.0567465,
pipuck15,2.94531,-5.99219,0.203125,0.488442,
pipuck15,3.14844,-5.99219,0.203125,0.445285,
pipuck15,3.45312,-3.45312,0.40625,0.829225,
pipuck15,3.75781,-3.35156,0.203125,0.873228,
pipuck15,3.96094,-3.35156,0.203125,0.759934,
pipuck15,3.75781,-3.55469,0.203125,0.873228,
pipuck15,3.96094,-3.55469,0.203125,0.707419,
pipuck15,3.45312,-3.85938,0.40625,0.840401,
pipuck15,3.85938,-3.85938,0.40625,0.829225,
pipuck15,4.16406,-3.35156,0.203125,0.442709,
pipuck15,4.36719,-3.35156,0.203125,0.123634,
pipuck15,4.16406,-3.55469,0.203125,0.158519,
pipuck15,4.36719,-3.55469,0.203125,0.109758,
pipuck15,4.57031,-3.35156,0.203125,0.500051,
pipuck15,4.57031,-3.55469,0.203125,0.499959,
pipuck15,4.16406,-3.75781,0.203125,0.135537,
pipuck15,4.36719,-3.75781,0.203125,0.0874303,
pipuck15,4.16406,-3.96094,0.203125,0.873228,
pipuck15,4.36719,-3.96094,0.203125,0.470772,
pipuck15,4.57031,-3.75781,0.203125,0.0878279,
pipuck15,4.57031,-3.96094,0.203125,0.0700394,
pipuck15,4.77344,-3.96094,0.203125,0.11347,
pipuck15,3.65625,-4.46875,0.8125,0.831396,
pipuck15,4.16406,-4.16406,0.203125,0.873228,
pipuck15,4.36719,-4.16406,0.203125,0.790875,
pipuck15,4.16406,-4.36719,0.203125,0.873228,
pipuck15,4.36719,-4.36719,0.203125,0.71733,
pipuck15,4.57031,-4.16406,0.203125,0.0696085,
pipuck15,4.77344,-4.16406,0.203125,0.122445,
pipuck15,4.57031,-4.36719,0.203125,0.0805555,
pipuck15,4.77344,-4.36719,0.203125,0.105337,
pipuck15,4.26562,-4.67188,0.40625,0.81066,
pipuck15,4.57031,-4.57031,0.203125,0.0708989,
pipuck15,4.77344,-4.57031,0.203125,0.224741,
pipuck15,4.57031,-4.77344,0.203125,0.0717552,
pipuck15,4.77344,-4.77344,0.203125,0.219753,
pipuck15,3.45312,-5.07812,0.40625,0.851094,
pipuck15,3.85938,-5.07812,0.40625,0.849553,
pipuck15,3.35156,-5.38281,0.203125,0.873927,
pipuck15,3.55469,-5.38281,0.203125,0.873927,
pipuck15,3.35156,-5.58594,0.203125,0.358784,
pipuck15,3.55469,-5.58594,0.203125,0.872091,
pipuck15,3.75781,-5.38281,0.203125,0.873228,
pipuck15,3.96094,-5.38281,0.203125,0.873228,
pipuck15,3.75781,-5.58594,0.203125,0.603718,
pipuck15,3.96094,-5.58594,0.203125,0.79345,
pipuck15,4.26562,-5.07812,0.40625,0.834194,
pipuck15,4.57031,-4.97656,0.203125,0.0721822,
pipuck15,4.77344,-4.97656,0.203125,0.116907,
pipuck15,4.57031,-5.17969,0.203125,0.0621572,
pipuck15,4.77344,-5.17969,0.203125,0.106065,
pipuck15,4.16406,-5.38281,0.203125,0.873228,
pipuck15,4.36719,-5.38281,0.203125,0.808861,
pipuck15,4.16406,-5.58594,0.203125,0.657448,
pipuck15,4.36719,-5.58594,0.203125,0.0530819,
pipuck15,4.57031,-5.38281,0.203125,0.0540048,
pipuck15,4.77344,-5.38281,0.203125,0.135767,
pipuck15,4.57031,-5.58594,0.203125,0.0535438,
pipuck15,4.77344,-5.58594,0.203125,0.0990966,
pipuck15,3.35156,-5.78906,0.203125,0.0530819,
pipuck15,3.55469,-5.78906,0.203125,0.0530819,
pipuck15,3.35156,-5.99219,0.203125,0.469441,
pipuck15,3.75781,-5.78906,0.203125,0.0687441,
pipuck15,3.96094,-5.78906,0.203125,0.0726083,
pipuck15,3.75781,-5.99219,0.203125,0.456626,
pipuck15,4.16406,-5.78906,0.203125,0.0572079,
pipuck15,4.36719,-5.78906,0.203125,0.0549243,
pipuck15,4.16406,-5.99219,0.203125,0.429202,
pipuck15,4.36719,-5.99219,0.203125,0.504037,
pipuck15,4.57031,-5.78906,0.203125,0.0549243,
pipuck15,4.57031,-5.99219,0.203125,0.493652,
