agent_id,x,y,obstacle_pheromone,size
pipuck15,-6.24219,-1.72656,-1,0.265625
pipuck15,-5.97656,-2.25781,-1,0.265625
pipuck15,-5.97656,-1.99219,0.2125,0.265625
pipuck15,-5.97656,-1.72656,0.215625,0.265625
pipuck15,-5.97656,-1.46094,0.215,0.265625
pipuck15,-5.97656,2.78906,-1,0.265625
pipuck15,-5.71094,-5.17969,-1,0.265625
pipuck15,-5.71094,-2.78906,-1,0.265625
pipuck15,-5.71094,-2.52344,-1,0.265625
pipuck15,-5.71094,-2.25781,0.211875,0.265625
pipuck15,-5.71094,-1.99219,-1,0.265625
pipuck15,-5.71094,2.25781,0.270625,0.265625
pipuck15,-5.71094,2.52344,0.27125,0.265625
pipuck15,-5.71094,2.78906,-1,0.265625
pipuck15,-5.71094,3.05469,-1,0.265625
pipuck15,-5.71094,3.32031,-1,0.265625
pipuck15,-5.44531,-6.50781,-1,0.265625
pipuck15,-5.44531,-5.97656,-1,0.265625
pipuck15,-5.44531,-5.71094,-1,0.265625
pipuck15,-5.44531,-5.44531,-1,0.265625
pipuck15,-5.44531,-5.17969,-1,0.265625
pipuck15,-5.44531,-4.91406,-1,0.265625
pipuck15,-5.44531,-2.78906,0.210625,0.265625
pipuck15,-5.44531,-2.52344,-1,0.265625
pipuck15,-5.44531,2.52344,-1,0.265625
pipuck15,-5.44531,2.78906,-1,0.265625
pipuck15,-5.44531,3.05469,-1,0.265625
pipuck15,-5.44531,3.32031,-1,0.265625
pipuck15,-5.44531,3.58594,-1,0.265625
pipuck15,-5.44531,3.85156,-1,0.265625
pipuck15,-5.17969,-6.77344,-1,0.265625
pipuck15,-5.17969,-6.50781,-1,0.265625
pipuck15,-5.17969,-6.24219,-1,0.265625
pipuck15,-5.17969,-5.97656,-1,0.265625
pipuck15,-5.17969,-5.71094,-1,0.265625
pipuck15,-5.17969,-5.44531,-1,0.265625
pipuck15,-5.17969,-5.17969,-1,0.265625
pipuck15,-5.17969,-4.64844,-1,0.265625
pipuck15,-5.17969,-4.38281,0.109375,0.265625
pipuck15,-5.17969,-3.85156,0.110625,0.265625
pipuck15,-5.17969,3.85156,-1,0.265625
pipuck15,-4.91406,-7.30469,-1,0.265625
pipuck15,-4.91406,-7.03906,-1,0.265625
pipuck15,-4.91406,-6.77344,-1,0.265625
pipuck15,-4.91406,-6.50781,-1,0.265625
pipuck15,-4.91406,-4.38281,-1,0.265625
pipuck15,-4.91406,-4.11719,-1,0.265625
pipuck15,-4.91406,5.97656,0.699375,0.265625
pipuck15,-4.91406,6.24219,0.714375,0.265625
pipuck15,-4.91406,6.50781,0.670625,0.265625
pipuck15,-4.64844,-7.30469,-1,0.265625
pipuck15,-4.64844,-7.03906,-1,0.265625
pipuck15,-4.64844,-6.77344,-1,0.265625
pipuck15,-4.64844,-4.11719,-1,0.265625
pipuck15,-4.64844,5.97656,0.656875,0.265625
pipuck15,-4.64844,6.24219,0.71375,0.265625
pipuck15,-4.64844,6.50781,0.713125,0.265625
pipuck15,-4.38281,-7.30469,-1,0.265625
pipuck15,-4.38281,-7.03906,-1,0.265625
pipuck15,-4.38281,5.97656,0.58,0.265625
pipuck15,-4.38281,6.24219,0.614375,0.265625
pipuck15,-4.11719,-7.83594,-1,0.265625
pipuck15,-4.11719,-7.30469,-1,0.265625
pipuck15,-4.11719,-7.03906,-1,0.265625
pipuck15,-4.11719,3.32031,-1,0.265625
pipuck15,-3.85156,-8.10156,-1,0.265625
pipuck15,-3.85156,-7.83594,-1,0.265625
pipuck15,-3.85156,-7.57031,-1,0.265625
pipuck15,-3.85156,-7.30469,-1,0.265625
pipuck15,-3.85156,-7.03906,-1,0.265625
pipuck15,-3.85156,3.32031,-1,0.265625
pipuck15,-3.58594,-8.89844,-1,0.265625
pipuck15,-3.58594,-8.63281,0.0125,0.265625
pipuck15,-3.58594,-8.36719,-1,0.265625
pipuck15,-3.58594,-8.10156,-1,0.265625
pipuck15,-3.58594,-7.83594,0.015625,0.265625
pipuck15,-3.58594,-7.57031,-1,0.265625
pipuck15,-3.32031,-9.69531,-1,0.265625
pipuck15,-3.32031,-9.16406,0.00375,0.265625
pipuck15,-3.32031,-8.89844,0.00625,0.265625
pipuck15,-3.32031,-8.63281,0.013125,0.265625
pipuck15,-3.32031,-8.36719,0.011875,0.265625
pipuck15,-3.32031,-8.10156,0.01625,0.265625
pipuck15,-3.32031,-7.83594,0.015,0.265625
pipuck15,-3.32031,7.83594,0.665,0.265625
pipuck15,-3.32031,8.10156,0.65625,0.265625
pipuck15,-3.32031,8.36719,0.665625,0.265625
pipuck15,-3.32031,8.63281,0.656875,0.265625
pipuck15,-3.05469,-9.96094,-1,0.265625
pipuck15,-3.05469,-9.69531,-1,0.265625
pipuck15,-3.05469,-9.42969,-1,0.265625
pipuck15,-3.05469,-9.16406,0.003125,0.265625
pipuck15,-3.05469,4.11719,-1,0.265625
pipuck15,-3.05469,4.64844,-1,0.265625
pipuck15,-3.05469,5.17969,0.7275,0.265625
pipuck15,-3.05469,5.71094,0.694375,0.265625
pipuck15,-3.05469,6.77344,0.699375,0.265625
pipuck15,-3.05469,7.03906,0.734375,0.265625
pipuck15,-3.05469,7.30469,0.71875,0.265625
pipuck15,-3.05469,7.57031,0.698125,0.265625
pipuck15,-3.05469,7.83594,0.715625,0.265625
pipuck15,-3.05469,9.96094,-1,0.265625
pipuck15,-3.05469,10.2266,-1,0.265625
pipuck15,-2.78906,-10.7578,-1,0.265625
pipuck15,-2.78906,-10.4922,-1,0.265625
pipuck15,-2.78906,-9.69531,-1,0.265625
pipuck15,-2.78906,4.11719,-1,0.265625
pipuck15,-2.78906,4.38281,-1,0.265625
pipuck15,-2.78906,5.71094,0.69875,0.265625
pipuck15,-2.78906,6.77344,0.744375,0.265625
pipuck15,-2.78906,7.03906,0.730625,0.265625
pipuck15,-2.78906,7.30469,0.696875,0.265625
pipuck15,-2.78906,8.10156,0.521875,0.265625
pipuck15,-2.78906,8.63281,0.663125,0.265625
pipuck15,-2.78906,8.89844,-1,0.265625
pipuck15,-2.78906,9.16406,-1,0.265625
pipuck15,-2.78906,9.42969,-1,0.265625
pipuck15,-2.78906,9.69531,-1,0.265625
pipuck15,-2.78906,9.96094,-1,0.265625
pipuck15,-2.52344,-11.0234,-1,0.265625
pipuck15,-2.52344,-10.7578,-1,0.265625
pipuck15,-2.52344,3.85156,-1,0.265625
pipuck15,-2.52344,4.11719,-1,0.265625
pipuck15,-2.52344,4.38281,-1,0.265625
pipuck15,-2.52344,4.64844,-1,0.265625
pipuck15,-2.52344,5.97656,0.611875,0.265625
pipuck15,-2.52344,6.24219,0.625,0.265625
pipuck15,-2.52344,6.50781,0.64375,0.265625
pipuck15,-2.52344,6.77344,0.73125,0.265625
pipuck15,-2.52344,7.03906,0.7125,0.265625
pipuck15,-2.52344,7.30469,0.495,0.265625
pipuck15,-2.52344,7.57031,0.580625,0.265625
pipuck15,-2.52344,7.83594,-1,0.265625
pipuck15,-2.52344,8.10156,0.66125,0.265625
pipuck15,-2.52344,8.36719,0.6625,0.265625
pipuck15,-2.52344,8.63281,-1,0.265625
pipuck15,-2.52344,8.89844,-1,0.265625
pipuck15,-2.52344,9.16406,-1,0.265625
pipuck15,-2.52344,9.42969,-1,0.265625
pipuck15,-2.52344,11.0234,-1,0.265625
pipuck15,-2.25781,-11.2891,-1,0.265625
pipuck15,-2.25781,-11.0234,-1,0.265625
pipuck15,-2.25781,-10.7578,-1,0.265625
pipuck15,-2.25781,-4.64844,-1,0.265625
pipuck15,-2.25781,-4.38281,-1,0.265625
pipuck15,-2.25781,-4.11719,-1,0.265625
pipuck15,-2.25781,-3.85156,-1,0.265625
pipuck15,-2.25781,-3.32031,-1,0.265625
pipuck15,-2.25781,4.11719,-1,0.265625
pipuck15,-2.25781,4.38281,-1,0.265625
pipuck15,-2.25781,4.64844,-1,0.265625
pipuck15,-2.25781,5.17969,0.461875,0.265625
pipuck15,-2.25781,5.44531,0.496875,0.265625
pipuck15,-2.25781,5.71094,0.681875,0.265625
pipuck15,-2.25781,5.97656,0.68125,0.265625
pipuck15,-2.25781,6.24219,0.62375,0.265625
pipuck15,-2.25781,6.50781,0.598125,0.265625
pipuck15,-2.25781,6.77344,0.640625,0.265625
pipuck15,-2.25781,7.03906,0.656875,0.265625
pipuck15,-2.25781,7.30469,0.65875,0.265625
pipuck15,-2.25781,7.57031,0.66,0.265625
pipuck15,-2.25781,7.83594,0.660625,0.265625
pipuck15,-2.25781,8.10156,-1,0.265625
pipuck15,-2.25781,8.36719,-1,0.265625
pipuck15,-2.25781,8.63281,-1,0.265625
pipuck15,-2.25781,9.16406,-1,0.265625
pipuck15,-2.25781,11.2891,-1,0.265625
pipuck15,-1.99219,-11.5547,-1,0.265625
pipuck15,-1.99219,-11.2891,-1,0.265625
pipuck15,-1.99219,-11.0234,-1,0.265625
pipuck15,-1.99219,-3.85156,-1,0.265625
pipuck15,-1.99219,4.11719,-1,0.265625
pipuck15,-1.99219,5.17969,0.46,0.265625
pipuck15,-1.99219,5.44531,0.683125,0.265625
pipuck15,-1.99219,5.71094,0.548125,0.265625
pipuck15,-1.99219,5.97656,0.680625,0.265625
pipuck15,-1.99219,6.24219,0.60375,0.265625
pipuck15,-1.99219,6.50781,0.670625,0.265625
pipuck15,-1.99219,6.77344,0.67,0.265625
pipuck15,-1.99219,7.03906,0.669375,0.265625
pipuck15,-1.99219,7.30469,-1,0.265625
pipuck15,-1.99219,7.57031,-1,0.265625
pipuck15,-1.99219,8.10156,-1,0.265625
pipuck15,-1.99219,8.36719,-1,0.265625
pipuck15,-1.99219,11.2891,-1,0.265625
pipuck15,-1.72656,-11.5547,-1,0.265625
pipuck15,-1.72656,-11.2891,-1,0.265625
pipuck15,-1.72656,-11.0234,-1,0.265625
pipuck15,-1.72656,-7.30469,-1,0.265625
pipuck15,-1.72656,-7.03906,-1,0.265625
pipuck15,-1.72656,-3.85156,-1,0.265625
pipuck15,-1.72656,-0.132812,-1,0.265625
pipuck15,-1.72656,0.132812,0.859375,0.265625
pipuck15,-1.72656,0.398438,-1,0.265625
pipuck15,-1.72656,6.24219,0.6825,0.265625
pipuck15,-1.72656,7.03906,0.638125,0.265625
pipuck15,-1.72656,11.2891,-1,0.265625
pipuck15,-1.72656,11.5547,-1,0.265625
pipuck15,-1.46094,-11.5547,-1,0.265625
pipuck15,-1.46094,-11.2891,-1,0.265625
pipuck15,-1.46094,-0.929688,0.881875,0.265625
pipuck15,-1.46094,-0.664062,0.888125,0.265625
pipuck15,-1.46094,-0.398438,0.874375,0.265625
pipuck15,-1.46094,-0.132812,0.869375,0.265625
pipuck15,-1.46094,0.132812,0.8625,0.265625
pipuck15,-1.46094,0.398438,0.863125,0.265625
pipuck15,-1.46094,0.664062,0.8425,0.265625
pipuck15,-1.46094,5.97656,0.686875,0.265625
pipuck15,-1.46094,11.5547,-1,0.265625
pipuck15,-1.46094,11.8203,-1,0.265625
pipuck15,-1.19531,-11.8203,-1,0.265625
pipuck15,-1.19531,-11.5547,-1,0.265625
pipuck15,-1.19531,-1.19531,0.9,0.265625
pipuck15,-1.19531,-0.929688,0.899375,0.265625
pipuck15,-1.19531,-0.664062,0.89,0.265625
pipuck15,-1.19531,0.398438,-1,0.265625
pipuck15,-1.19531,0.664062,0.840625,0.265625
pipuck15,-1.19531,0.929688,0.83875,0.265625
pipuck15,-1.19531,3.58594,-1,0.265625
pipuck15,-1.19531,4.11719,-1,0.265625
pipuck15,-1.19531,4.38281,-1,0.265625
pipuck15,-1.19531,11.5547,-1,0.265625
pipuck15,-1.19531,11.8203,-1,0.265625
pipuck15,-0.929688,-11.8203,-1,0.265625
pipuck15,-0.929688,-11.5547,-1,0.265625
pipuck15,-0.929688,-1.46094,0.165,0.265625
pipuck15,-0.929688,-1.19531,0.9025,0.265625
pipuck15,-0.929688,-0.929688,0.893125,0.265625
pipuck15,-0.929688,0.664062,0.838125,0.265625
pipuck15,-0.929688,0.929688,0.836875,0.265625
pipuck15,-0.929688,1.19531,0.834375,0.265625
pipuck15,-0.929688,3.32031,-1,0.265625
pipuck15,-0.929688,4.38281,-1,0.265625
pipuck15,-0.929688,11.8203,-1,0.265625
pipuck15,-0.929688,12.0859,-1,0.265625
pipuck15,-0.664062,-11.8203,-1,0.265625
pipuck15,-0.664062,-8.89844,-1,0.265625
pipuck15,-0.664062,-5.44531,-1,0.265625
pipuck15,-0.664062,-5.17969,-1,0.265625
pipuck15,-0.664062,-1.46094,0.9075,0.265625
pipuck15,-0.664062,-1.19531,0.903125,0.265625
pipuck15,-0.664062,1.19531,0.82375,0.265625
pipuck15,-0.664062,1.46094,0.8325,0.265625
pipuck15,-0.664062,3.85156,-1,0.265625
pipuck15,-0.664062,4.64844,0.414375,0.265625
pipuck15,-0.664062,4.91406,0.715625,0.265625
pipuck15,-0.664062,7.83594,0.57875,0.265625
pipuck15,-0.664062,11.8203,-1,0.265625
pipuck15,-0.664062,12.0859,-1,0.265625
pipuck15,-0.398438,-5.97656,0.048125,0.265625
pipuck15,-0.398438,-5.71094,0.051875,0.265625
pipuck15,-0.398438,-5.44531,0.964375,0.265625
pipuck15,-0.398438,-5.17969,0.940625,0.265625
pipuck15,-0.398438,-1.72656,0.911875,0.265625
pipuck15,-0.398438,-1.46094,0.9125,0.265625
pipuck15,-0.398438,-1.19531,0.91,0.265625
pipuck15,-0.398438,1.19531,0.825625,0.265625
pipuck15,-0.398438,1.46094,0.846875,0.265625
pipuck15,-0.398438,3.85156,-1,0.265625
pipuck15,-0.398438,7.30469,-1,0.265625
pipuck15,-0.398438,7.57031,0.668125,0.265625
pipuck15,-0.398438,7.83594,0.66625,0.265625
pipuck15,-0.398438,8.10156,-1,0.265625
pipuck15,-0.398438,8.36719,-1,0.265625
pipuck15,-0.398438,8.63281,-1,0.265625
pipuck15,-0.398438,8.89844,-1,0.265625
pipuck15,-0.398438,11.8203,-1,0.265625
pipuck15,-0.398438,12.0859,-1,0.265625
pipuck15,-0.398438,12.3516,-1,0.265625
pipuck15,-0.132812,-6.77344,0.043125,0.265625
pipuck15,-0.132812,-6.50781,0.04375,0.265625
pipuck15,-0.132812,-6.24219,0.045,0.265625
pipuck15,-0.132812,-5.97656,0.050625,0.265625
pipuck15,-0.132812,-5.71094,0.05125,0.265625
pipuck15,-0.132812,-5.44531,0.9875,0.265625
pipuck15,-0.132812,-5.17969,0.98875,0.265625
pipuck15,-0.132812,-4.91406,0.9575,0.265625
pipuck15,-0.132812,-1.72656,-1,0.265625
pipuck15,-0.132812,-1.46094,0.914375,0.265625
pipuck15,-0.132812,1.19531,0.83125,0.265625
pipuck15,-0.132812,1.46094,0.848125,0.265625
pipuck15,-0.132812,1.72656,0.8425,0.265625
pipuck15,-0.132812,4.11719,-1,0.265625
pipuck15,-0.132812,7.30469,0.665,0.265625
pipuck15,-0.132812,7.57031,0.66875,0.265625
pipuck15,-0.132812,7.83594,0.669375,0.265625
pipuck15,-0.132812,8.10156,-1,0.265625
pipuck15,-0.132812,8.36719,-1,0.265625
pipuck15,-0.132812,8.63281,-1,0.265625
pipuck15,-0.132812,8.89844,-1,0.265625
pipuck15,-0.132812,9.16406,-1,0.265625
pipuck15,-0.132812,11.8203,-1,0.265625
pipuck15,-0.132812,12.0859,-1,0.265625
pipuck15,-0.132812,12.3516,-1,0.265625
pipuck15,0.132812,-7.57031,0.039375,0.265625
pipuck15,0.132812,-7.30469,0.0375,0.265625
pipuck15,0.132812,-7.03906,-1,0.265625
pipuck15,0.132812,-6.77344,0.0425,0.265625
pipuck15,0.132812,-6.50781,-1,0.265625
pipuck15,0.132812,-6.24219,-1,0.265625
pipuck15,0.132812,-5.44531,0.981875,0.265625
pipuck15,0.132812,-5.17969,0.971875,0.265625
pipuck15,0.132812,-4.11719,-1,0.265625
pipuck15,0.132812,-3.85156,-1,0.265625
pipuck15,0.132812,-3.58594,-1,0.265625
pipuck15,0.132812,-1.72656,0.915,0.265625
pipuck15,0.132812,-1.46094,0.915625,0.265625
pipuck15,0.132812,1.19531,0.833125,0.265625
pipuck15,0.132812,1.46094,0.855625,0.265625
pipuck15,0.132812,7.57031,0.670625,0.265625
pipuck15,0.132812,7.83594,0.67125,0.265625
pipuck15,0.132812,8.10156,-1,0.265625
pipuck15,0.132812,8.36719,-1,0.265625
pipuck15,0.132812,8.63281,-1,0.265625
pipuck15,0.132812,8.89844,-1,0.265625
pipuck15,0.132812,9.16406,-1,0.265625
pipuck15,0.132812,12.0859,-1,0.265625
pipuck15,0.132812,12.3516,-1,0.265625
pipuck15,0.398438,-13.1484,-1,0.265625
pipuck15,0.398438,-7.57031,0.035,0.265625
pipuck15,0.398438,-7.30469,0.03875,0.265625
pipuck15,0.398438,-7.03906,0.04,0.265625
pipuck15,0.398438,-6.77344,0.04125,0.265625
pipuck15,0.398438,-4.64844,-1,0.265625
pipuck15,0.398438,-4.38281,0.985625,0.265625
pipuck15,0.398438,-4.11719,0.986875,0.265625
pipuck15,0.398438,-3.85156,0.973125,0.265625
pipuck15,0.398438,-3.58594,-1,0.265625
pipuck15,0.398438,-1.72656,-1,0.265625
pipuck15,0.398438,-1.46094,0.91625,0.265625
pipuck15,0.398438,1.19531,0.885,0.265625
pipuck15,0.398438,1.46094,0.884375,0.265625
pipuck15,0.398438,1.72656,0.869375,0.265625
pipuck15,0.398438,8.10156,-1,0.265625
pipuck15,0.398438,8.36719,-1,0.265625
pipuck15,0.398438,8.63281,-1,0.265625
pipuck15,0.398438,8.89844,-1,0.265625
pipuck15,0.398438,9.16406,-1,0.265625
pipuck15,0.398438,12.0859,-1,0.265625
pipuck15,0.398438,12.3516,-1,0.265625
pipuck15,0.664062,-13.9453,0.02875,0.265625
pipuck15,0.664062,-13.6797,0.535,0.265625
pipuck15,0.664062,-13.4141,0.6575,0.265625
pipuck15,0.664062,-13.1484,0.643125,0.265625
pipuck15,0.664062,-12.8828,0.64375,0.265625
pipuck15,0.664062,-12.6172,0.04125,0.265625
pipuck15,0.664062,-7.57031,-1,0.265625
pipuck15,0.664062,-7.30469,-1,0.265625
pipuck15,0.664062,-7.03906,-1,0.265625
pipuck15,0.664062,-4.64844,0.984375,0.265625
pipuck15,0.664062,-4.38281,0.985,0.265625
pipuck15,0.664062,-4.11719,0.983125,0.265625
pipuck15,0.664062,-3.85156,-1,0.265625
pipuck15,0.664062,-3.58594,-1,0.265625
pipuck15,0.664062,-1.46094,-1,0.265625
pipuck15,0.664062,0.929688,0.88875,0.265625
pipuck15,0.664062,1.19531,0.888125,0.265625
pipuck15,0.664062,1.46094,0.87125,0.265625
pipuck15,0.664062,6.50781,-1,0.265625
pipuck15,0.664062,8.10156,-1,0.265625
pipuck15,0.664062,8.36719,-1,0.265625
pipuck15,0.664062,8.63281,-1,0.265625
pipuck15,0.664062,8.89844,-1,0.265625
pipuck15,0.664062,9.16406,-1,0.265625
pipuck15,0.664062,9.42969,-1,0.265625
pipuck15,0.664062,12.0859,-1,0.265625
pipuck15,0.664062,12.3516,-1,0.265625
pipuck15,0.929688,-14.7422,-1,0.265625
pipuck15,0.929688,-14.4766,0.541875,0.265625
pipuck15,0.929688,-14.2109,0.66375,0.265625
pipuck15,0.929688,-13.9453,0.6625,0.265625
pipuck15,0.929688,-13.6797,0.66125,0.265625
pipuck15,0.929688,-13.4141,0.65875,0.265625
pipuck15,0.929688,-13.1484,0.6425,0.265625
pipuck15,0.929688,-12.8828,0.476875,0.265625
pipuck15,0.929688,-12.6172,-1,0.265625
pipuck15,0.929688,-11.2891,-1,0.265625
pipuck15,0.929688,-10.7578,-1,0.265625
pipuck15,0.929688,-9.69531,-1,0.265625
pipuck15,0.929688,-7.30469,-1,0.265625
pipuck15,0.929688,-7.03906,-1,0.265625
pipuck15,0.929688,-6.77344,-1,0.265625
pipuck15,0.929688,-4.11719,-1,0.265625
pipuck15,0.929688,-3.85156,-1,0.265625
pipuck15,0.929688,-3.58594,-1,0.265625
pipuck15,0.929688,-3.32031,-1,0.265625
pipuck15,0.929688,-1.46094,0.86,0.265625
pipuck15,0.929688,-1.19531,0.85875,0.265625
pipuck15,0.929688,-0.929688,0.95125,0.265625
pipuck15,0.929688,0.664062,0.819375,0.265625
pipuck15,0.929688,0.929688,0.913125,0.265625
pipuck15,0.929688,1.19531,0.9125,0.265625
pipuck15,0.929688,4.11719,-1,0.265625
pipuck15,0.929688,6.50781,0.705625,0.265625
pipuck15,0.929688,8.36719,-1,0.265625
pipuck15,0.929688,8.89844,-1,0.265625
pipuck15,0.929688,9.16406,-1,0.265625
pipuck15,0.929688,9.42969,-1,0.265625
pipuck15,0.929688,11.8203,-1,0.265625
pipuck15,0.929688,12.0859,-1,0.265625
pipuck15,0.929688,12.3516,-1,0.265625
pipuck15,1.19531,-15.2734,0.41125,0.265625
pipuck15,1.19531,-15.0078,0.61625,0.265625
pipuck15,1.19531,-14.7422,0.65125,0.265625
pipuck15,1.19531,-14.4766,0.665,0.265625
pipuck15,1.19531,-14.2109,0.664375,0.265625
pipuck15,1.19531,-13.9453,0.654375,0.265625
pipuck15,1.19531,-13.6797,0.470625,0.265625
pipuck15,1.19531,-13.4141,0.44625,0.265625
pipuck15,1.19531,-13.1484,0.201875,0.265625
pipuck15,1.19531,-12.8828,-1,0.265625
pipuck15,1.19531,-12.6172,-1,0.265625
pipuck15,1.19531,-12.0859,-1,0.265625
pipuck15,1.19531,-11.8203,0.136875,0.265625
pipuck15,1.19531,-11.5547,0.641875,0.265625
pipuck15,1.19531,-11.2891,0.638125,0.265625
pipuck15,1.19531,-11.0234,0.643125,0.265625
pipuck15,1.19531,-10.7578,-1,0.265625
pipuck15,1.19531,-3.85156,-1,0.265625
pipuck15,1.19531,-3.58594,-1,0.265625
pipuck15,1.19531,-1.19531,-1,0.265625
pipuck15,1.19531,-0.929688,0.950625,0.265625
pipuck15,1.19531,-0.664062,0.949375,0.265625
pipuck15,1.19531,0.398438,0.925625,0.265625
pipuck15,1.19531,0.664062,0.92375,0.265625
pipuck15,1.19531,0.929688,0.919375,0.265625
pipuck15,1.19531,1.19531,0.91625,0.265625
pipuck15,1.19531,3.05469,0.321875,0.265625
pipuck15,1.19531,6.24219,0.709375,0.265625
pipuck15,1.19531,6.50781,0.71,0.265625
pipuck15,1.19531,8.89844,-1,0.265625
pipuck15,1.19531,9.16406,-1,0.265625
pipuck15,1.19531,9.42969,-1,0.265625
pipuck15,1.19531,11.5547,-1,0.265625
pipuck15,1.19531,11.8203,-1,0.265625
pipuck15,1.19531,12.0859,-1,0.265625
pipuck15,1.46094,-15.2734,0.4625,0.265625
pipuck15,1.46094,-15.0078,0.624375,0.265625
pipuck15,1.46094,-14.7422,0.645,0.265625
pipuck15,1.46094,-14.4766,0.665625,0.265625
pipuck15,1.46094,-14.2109,0.450625,0.265625
pipuck15,1.46094,-13.9453,0.198125,0.265625
pipuck15,1.46094,-13.6797,-1,0.265625
pipuck15,1.46094,-13.4141,-1,0.265625
pipuck15,1.46094,-13.1484,-1,0.265625
pipuck15,1.46094,-12.6172,0.64625,0.265625
pipuck15,1.46094,-12.3516,0.651875,0.265625
pipuck15,1.46094,-12.0859,0.644375,0.265625
pipuck15,1.46094,-11.8203,0.64375,0.265625
pipuck15,1.46094,-11.5547,0.565625,0.265625
pipuck15,1.46094,-11.2891,0.180625,0.265625
pipuck15,1.46094,-11.0234,0.565,0.265625
pipuck15,1.46094,-10.7578,-1,0.265625
pipuck15,1.46094,-10.4922,-1,0.265625
pipuck15,1.46094,-3.58594,-1,0.265625
pipuck15,1.46094,-3.32031,-1,0.265625
pipuck15,1.46094,-0.929688,0.946875,0.265625
pipuck15,1.46094,-0.664062,0.9475,0.265625
pipuck15,1.46094,-0.398438,0.945,0.265625
pipuck15,1.46094,-0.132812,0.938125,0.265625
pipuck15,1.46094,0.132812,0.9375,0.265625
pipuck15,1.46094,0.398438,0.9325,0.265625
pipuck15,1.46094,0.664062,0.92625,0.265625
pipuck15,1.46094,0.929688,-1,0.265625
pipuck15,1.46094,4.11719,-1,0.265625
pipuck15,1.46094,6.77344,-1,0.265625
pipuck15,1.46094,9.16406,-1,0.265625
pipuck15,1.46094,9.42969,-1,0.265625
pipuck15,1.46094,11.5547,-1,0.265625
pipuck15,1.46094,11.8203,-1,0.265625
pipuck15,1.46094,12.0859,-1,0.265625
pipuck15,1.72656,-15.2734,0.46375,0.265625
pipuck15,1.72656,-15.0078,0.4825,0.265625
pipuck15,1.72656,-14.7422,0.481875,0.265625
pipuck15,1.72656,-14.4766,0.190625,0.265625
pipuck15,1.72656,-14.2109,-1,0.265625
pipuck15,1.72656,-13.6797,-1,0.265625
pipuck15,1.72656,-13.4141,-1,0.265625
pipuck15,1.72656,-13.1484,-1,0.265625
pipuck15,1.72656,-12.8828,-1,0.265625
pipuck15,1.72656,-12.6172,0.655,0.265625
pipuck15,1.72656,-12.3516,0.65375,0.265625
pipuck15,1.72656,-12.0859,0.646875,0.265625
pipuck15,1.72656,-11.8203,0.411875,0.265625
pipuck15,1.72656,-11.5547,0.49125,0.265625
pipuck15,1.72656,-11.2891,0.483125,0.265625
pipuck15,1.72656,-11.0234,0.07125,0.265625
pipuck15,1.72656,-10.7578,0.040625,0.265625
pipuck15,1.72656,-10.4922,-1,0.265625
pipuck15,1.72656,-10.2266,-1,0.265625
pipuck15,1.72656,-8.10156,-1,0.265625
pipuck15,1.72656,-7.83594,-1,0.265625
pipuck15,1.72656,-7.57031,-1,0.265625
pipuck15,1.72656,-3.58594,-1,0.265625
pipuck15,1.72656,-3.32031,-1,0.265625
pipuck15,1.72656,-0.664062,0.85125,0.265625
pipuck15,1.72656,-0.398438,0.93875,0.265625
pipuck15,1.72656,-0.132812,-1,0.265625
pipuck15,1.72656,0.132812,0.935,0.265625
pipuck15,1.72656,0.398438,0.93375,0.265625
pipuck15,1.72656,9.16406,-1,0.265625
pipuck15,1.72656,9.42969,-1,0.265625
pipuck15,1.72656,9.69531,-1,0.265625
pipuck15,1.72656,11.5547,-1,0.265625
pipuck15,1.72656,11.8203,-1,0.265625
pipuck15,1.99219,-15.2734,-1,0.265625
pipuck15,1.99219,-15.0078,0.48625,0.265625
pipuck15,1.99219,-14.7422,0.44375,0.265625
pipuck15,1.99219,-14.4766,-1,0.265625
pipuck15,1.99219,-13.6797,-1,0.265625
pipuck15,1.99219,-13.4141,-1,0.265625
pipuck15,1.99219,-13.1484,-1,0.265625
pipuck15,1.99219,-12.8828,-1,0.265625
pipuck15,1.99219,-12.6172,0.663125,0.265625
pipuck15,1.99219,-12.3516,0.66375,0.265625
pipuck15,1.99219,-12.0859,0.08875,0.265625
pipuck15,1.99219,-11.8203,0.120625,0.265625
pipuck15,1.99219,-11.5547,0.0375,0.265625
pipuck15,1.99219,-11.2891,-1,0.265625
pipuck15,1.99219,-11.0234,0.08,0.265625
pipuck15,1.99219,-10.7578,0.125,0.265625
pipuck15,1.99219,-10.4922,0.019375,0.265625
pipuck15,1.99219,-10.2266,-1,0.265625
pipuck15,1.99219,-8.10156,-1,0.265625
pipuck15,1.99219,-7.83594,-1,0.265625
pipuck15,1.99219,-3.58594,-1,0.265625
pipuck15,1.99219,-3.32031,-1,0.265625
pipuck15,1.99219,-3.05469,-1,0.265625
pipuck15,1.99219,9.42969,-1,0.265625
pipuck15,1.99219,9.69531,-1,0.265625
pipuck15,1.99219,11.2891,-1,0.265625
pipuck15,1.99219,11.5547,-1,0.265625
pipuck15,1.99219,11.8203,-1,0.265625
pipuck15,2.25781,-15.0078,0.521875,0.265625
pipuck15,2.25781,-14.7422,0.485,0.265625
pipuck15,2.25781,-14.4766,0.444375,0.265625
pipuck15,2.25781,-14.2109,-1,0.265625
pipuck15,2.25781,-13.9453,-1,0.265625
pipuck15,2.25781,-13.6797,-1,0.265625
pipuck15,2.25781,-13.4141,-1,0.265625
pipuck15,2.25781,-13.1484,-1,0.265625
pipuck15,2.25781,-12.8828,-1,0.265625
pipuck15,2.25781,-12.6172,-1,0.265625
pipuck15,2.25781,-12.3516,-1,0.265625
pipuck15,2.25781,-12.0859,-1,0.265625
pipuck15,2.25781,-11.8203,-1,0.265625
pipuck15,2.25781,-11.5547,-1,0.265625
pipuck15,2.25781,-11.2891,-1,0.265625
pipuck15,2.25781,-11.0234,0.069375,0.265625
pipuck15,2.25781,-10.7578,0.25,0.265625
pipuck15,2.25781,-10.4922,0.239375,0.265625
pipuck15,2.25781,-10.2266,-1,0.265625
pipuck15,2.25781,-8.36719,-1,0.265625
pipuck15,2.25781,-8.10156,-1,0.265625
pipuck15,2.25781,-7.83594,-1,0.265625
pipuck15,2.25781,-7.57031,-1,0.265625
pipuck15,2.25781,-7.03906,-1,0.265625
pipuck15,2.25781,-6.77344,-1,0.265625
pipuck15,2.25781,-3.05469,-1,0.265625
pipuck15,2.25781,6.50781,-1,0.265625
pipuck15,2.25781,9.16406,-1,0.265625
pipuck15,2.25781,9.42969,-1,0.265625
pipuck15,2.25781,9.69531,-1,0.265625
pipuck15,2.25781,9.96094,-1,0.265625
pipuck15,2.25781,11.2891,-1,0.265625
pipuck15,2.25781,11.5547,-1,0.265625
pipuck15,2.25781,11.8203,-1,0.265625
pipuck15,2.52344,-15.0078,0.46625,0.265625
pipuck15,2.52344,-14.7422,0.46875,0.265625
pipuck15,2.52344,-14.4766,0.445625,0.265625
pipuck15,2.52344,-14.2109,-1,0.265625
pipuck15,2.52344,-13.9453,-1,0.265625
pipuck15,2.52344,-13.6797,-1,0.265625
pipuck15,2.52344,-13.4141,-1,0.265625
pipuck15,2.52344,-13.1484,-1,0.265625
pipuck15,2.52344,-12.8828,-1,0.265625
pipuck15,2.52344,-12.6172,-1,0.265625
pipuck15,2.52344,-12.3516,-1,0.265625
pipuck15,2.52344,-12.0859,-1,0.265625
pipuck15,2.52344,-11.8203,-1,0.265625
pipuck15,2.52344,-11.5547,-1,0.265625
pipuck15,2.52344,-11.2891,-1,0.265625
pipuck15,2.52344,-11.0234,0.670625,0.265625
pipuck15,2.52344,-10.7578,0.67,0.265625
pipuck15,2.52344,-10.4922,0.663125,0.265625
pipuck15,2.52344,-10.2266,-1,0.265625
pipuck15,2.52344,-9.96094,-1,0.265625
pipuck15,2.52344,-8.10156,-1,0.265625
pipuck15,2.52344,-7.83594,-1,0.265625
pipuck15,2.52344,-7.57031,-1,0.265625
pipuck15,2.52344,-7.30469,-1,0.265625
pipuck15,2.52344,-7.03906,-1,0.265625
pipuck15,2.52344,-6.77344,-1,0.265625
pipuck15,2.52344,3.85156,-1,0.265625
pipuck15,2.52344,4.11719,-1,0.265625
pipuck15,2.52344,6.50781,-1,0.265625
pipuck15,2.52344,9.69531,-1,0.265625
pipuck15,2.52344,9.96094,-1,0.265625
pipuck15,2.52344,11.0234,-1,0.265625
pipuck15,2.52344,11.2891,-1,0.265625
pipuck15,2.52344,11.5547,-1,0.265625
pipuck15,2.52344,11.8203,-1,0.265625
pipuck15,2.78906,-15.0078,0.425,0.265625
pipuck15,2.78906,-14.7422,0.470625,0.265625
pipuck15,2.78906,-14.4766,0.446875,0.265625
pipuck15,2.78906,-14.2109,-1,0.265625
pipuck15,2.78906,-13.9453,-1,0.265625
pipuck15,2.78906,-13.6797,-1,0.265625
pipuck15,2.78906,-13.4141,-1,0.265625
pipuck15,2.78906,-13.1484,-1,0.265625
pipuck15,2.78906,-12.8828,-1,0.265625
pipuck15,2.78906,-12.6172,-1,0.265625
pipuck15,2.78906,-12.3516,-1,0.265625
pipuck15,2.78906,-12.0859,-1,0.265625
pipuck15,2.78906,-11.8203,-1,0.265625
pipuck15,2.78906,-11.5547,-1,0.265625
pipuck15,2.78906,-11.2891,-1,0.265625
pipuck15,2.78906,-11.0234,0.603125,0.265625
pipuck15,2.78906,-10.7578,0.70875,0.265625
pipuck15,2.78906,-10.4922,0.7675,0.265625
pipuck15,2.78906,-10.2266,-1,0.265625
pipuck15,2.78906,-9.96094,-1,0.265625
pipuck15,2.78906,-7.83594,-1,0.265625
pipuck15,2.78906,-7.57031,-1,0.265625
pipuck15,2.78906,-7.03906,-1,0.265625
pipuck15,2.78906,-6.77344,-1,0.265625
pipuck15,2.78906,6.24219,-1,0.265625
pipuck15,2.78906,9.69531,-1,0.265625
pipuck15,2.78906,9.96094,-1,0.265625
pipuck15,2.78906,10.2266,-1,0.265625
pipuck15,2.78906,11.0234,-1,0.265625
pipuck15,2.78906,11.2891,-1,0.265625
pipuck15,2.78906,11.5547,-1,0.265625
pipuck15,3.05469,-14.7422,0.47125,0.265625
pipuck15,3.05469,-14.4766,0.4475,0.265625
pipuck15,3.05469,-14.2109,0.20625,0.265625
pipuck15,3.05469,-13.9453,-1,0.265625
pipuck15,3.05469,-13.6797,-1,0.265625
pipuck15,3.05469,-13.4141,-1,0.265625
pipuck15,3.05469,-13.1484,-1,0.265625
pipuck15,3.05469,-12.8828,-1,0.265625
pipuck15,3.05469,-12.6172,-1,0.265625
pipuck15,3.05469,-12.3516,-1,0.265625
pipuck15,3.05469,-12.0859,-1,0.265625
pipuck15,3.05469,-11.8203,-1,0.265625
pipuck15,3.05469,-11.5547,-1,0.265625
pipuck15,3.05469,-11.2891,-1,0.265625
pipuck15,3.05469,-11.0234,-1,0.265625
pipuck15,3.05469,-10.7578,0.758125,0.265625
pipuck15,3.05469,-10.4922,0.769375,0.265625
pipuck15,3.05469,-10.2266,0.116875,0.265625
pipuck15,3.05469,-9.96094,-1,0.265625
pipuck15,3.05469,-8.10156,-1,0.265625
pipuck15,3.05469,-7.83594,-1,0.265625
pipuck15,3.05469,-7.57031,-1,0.265625
pipuck15,3.05469,-7.30469,-1,0.265625
pipuck15,3.05469,-7.03906,-1,0.265625
pipuck15,3.05469,-6.77344,-1,0.265625
pipuck15,3.05469,5.97656,0.26375,0.265625
pipuck15,3.05469,6.24219,0.268125,0.265625
pipuck15,3.05469,9.96094,-1,0.265625
pipuck15,3.05469,10.2266,-1,0.265625
pipuck15,3.05469,11.0234,-1,0.265625
pipuck15,3.05469,11.2891,-1,0.265625
pipuck15,3.32031,-14.7422,-1,0.265625
pipuck15,3.32031,-14.4766,0.404375,0.265625
pipuck15,3.32031,-14.2109,0.355625,0.265625
pipuck15,3.32031,-13.9453,-1,0.265625
pipuck15,3.32031,-13.6797,-1,0.265625
pipuck15,3.32031,-13.4141,-1,0.265625
pipuck15,3.32031,-13.1484,-1,0.265625
pipuck15,3.32031,-12.8828,-1,0.265625
pipuck15,3.32031,-12.6172,-1,0.265625
pipuck15,3.32031,-12.3516,-1,0.265625
pipuck15,3.32031,-12.0859,-1,0.265625
pipuck15,3.32031,-11.8203,-1,0.265625
pipuck15,3.32031,-11.2891,-1,0.265625
pipuck15,3.32031,-11.0234,-1,0.265625
pipuck15,3.32031,-10.7578,0.733125,0.265625
pipuck15,3.32031,-10.4922,0.901875,0.265625
pipuck15,3.32031,-10.2266,0.795625,0.265625
pipuck15,3.32031,-9.96094,-1,0.265625
pipuck15,3.32031,-7.83594,-1,0.265625
pipuck15,3.32031,-7.57031,-1,0.265625
pipuck15,3.32031,-7.30469,-1,0.265625
pipuck15,3.32031,-7.03906,-1,0.265625
pipuck15,3.32031,-6.77344,-1,0.265625
pipuck15,3.32031,-6.50781,-1,0.265625
pipuck15,3.32031,-4.11719,-1,0.265625
pipuck15,3.32031,-0.132812,-1,0.265625
pipuck15,3.32031,6.24219,0.261875,0.265625
pipuck15,3.32031,9.96094,-1,0.265625
pipuck15,3.32031,10.2266,-1,0.265625
pipuck15,3.32031,11.0234,-1,0.265625
pipuck15,3.32031,11.2891,-1,0.265625
pipuck15,3.58594,-14.7422,-1,0.265625
pipuck15,3.58594,-14.4766,-1,0.265625
pipuck15,3.58594,-14.2109,-1,0.265625
pipuck15,3.58594,-13.9453,-1,0.265625
pipuck15,3.58594,-13.6797,-1,0.265625
pipuck15,3.58594,-13.4141,-1,0.265625
pipuck15,3.58594,-13.1484,-1,0.265625
pipuck15,3.58594,-12.8828,-1,0.265625
pipuck15,3.58594,-12.6172,-1,0.265625
pipuck15,3.58594,-12.3516,-1,0.265625
pipuck15,3.58594,-12.0859,-1,0.265625
pipuck15,3.58594,-11.8203,-1,0.265625
pipuck15,3.58594,-11.5547,-1,0.265625
pipuck15,3.58594,-11.2891,-1,0.265625
pipuck15,3.58594,-11.0234,-1,0.265625
pipuck15,3.58594,-10.7578,0.75375,0.265625
pipuck15,3.58594,-10.4922,0.900625,0.265625
pipuck15,3.58594,-10.2266,0.829375,0.265625
pipuck15,3.58594,-9.96094,0.805625,0.265625
pipuck15,3.58594,-9.69531,-1,0.265625
pipuck15,3.58594,-7.57031,-1,0.265625
pipuck15,3.58594,-7.30469,-1,0.265625
pipuck15,3.58594,-7.03906,-1,0.265625
pipuck15,3.58594,-6.77344,-1,0.265625
pipuck15,3.58594,-6.50781,-1,0.265625
pipuck15,3.58594,-4.91406,-1,0.265625
pipuck15,3.58594,-4.64844,-1,0.265625
pipuck15,3.58594,-4.38281,-1,0.265625
pipuck15,3.58594,-4.11719,-1,0.265625
pipuck15,3.58594,-3.85156,-1,0.265625
pipuck15,3.58594,-0.132812,-1,0.265625
pipuck15,3.85156,-14.4766,-1,0.265625
pipuck15,3.85156,-14.2109,-1,0.265625
pipuck15,3.85156,-13.9453,-1,0.265625
pipuck15,3.85156,-13.6797,-1,0.265625
pipuck15,3.85156,-13.4141,-1,0.265625
pipuck15,3.85156,-13.1484,-1,0.265625
pipuck15,3.85156,-12.8828,-1,0.265625
pipuck15,3.85156,-12.6172,-1,0.265625
pipuck15,3.85156,-12.3516,-1,0.265625
pipuck15,3.85156,-12.0859,-1,0.265625
pipuck15,3.85156,-11.8203,-1,0.265625
pipuck15,3.85156,-11.5547,0.13625,0.265625
pipuck15,3.85156,-11.2891,-1,0.265625
pipuck15,3.85156,-11.0234,-1,0.265625
pipuck15,3.85156,-10.7578,-1,0.265625
pipuck15,3.85156,-10.4922,0.9,0.265625
pipuck15,3.85156,-10.2266,0.899375,0.265625
pipuck15,3.85156,-9.96094,0.871875,0.265625
pipuck15,3.85156,-9.69531,-1,0.265625
pipuck15,3.85156,-7.83594,-1,0.265625
pipuck15,3.85156,-7.57031,-1,0.265625
pipuck15,3.85156,-7.30469,-1,0.265625
pipuck15,3.85156,-7.03906,-1,0.265625
pipuck15,3.85156,-6.77344,-1,0.265625
pipuck15,3.85156,-5.97656,-1,0.265625
pipuck15,3.85156,-5.71094,-1,0.265625
pipuck15,3.85156,-5.44531,-1,0.265625
pipuck15,3.85156,-5.17969,-1,0.265625
pipuck15,3.85156,-4.91406,-1,0.265625
pipuck15,3.85156,-4.64844,-1,0.265625
pipuck15,3.85156,-4.38281,-1,0.265625
pipuck15,3.85156,-4.11719,-1,0.265625
pipuck15,3.85156,-3.85156,-1,0.265625
pipuck15,3.85156,-3.58594,-1,0.265625
pipuck15,3.85156,4.91406,-1,0.265625
pipuck15,3.85156,5.17969,0.258125,0.265625
pipuck15,3.85156,5.44531,-1,0.265625
pipuck15,4.11719,-14.4766,-1,0.265625
pipuck15,4.11719,-14.2109,-1,0.265625
pipuck15,4.11719,-13.9453,-1,0.265625
pipuck15,4.11719,-13.6797,-1,0.265625
pipuck15,4.11719,-13.4141,-1,0.265625
pipuck15,4.11719,-13.1484,-1,0.265625
pipuck15,4.11719,-12.8828,-1,0.265625
pipuck15,4.11719,-12.6172,-1,0.265625
pipuck15,4.11719,-12.3516,-1,0.265625
pipuck15,4.11719,-12.0859,-1,0.265625
pipuck15,4.11719,-11.5547,0.859375,0.265625
pipuck15,4.11719,-11.2891,-1,0.265625
pipuck15,4.11719,-11.0234,-1,0.265625
pipuck15,4.11719,-10.7578,-1,0.265625
pipuck15,4.11719,-10.4922,0.863125,0.265625
pipuck15,4.11719,-10.2266,0.995,0.265625
pipuck15,4.11719,-9.96094,0.993125,0.265625
pipuck15,4.11719,-9.69531,-1,0.265625
pipuck15,4.11719,-6.77344,-1,0.265625
pipuck15,4.11719,-5.97656,-1,0.265625
pipuck15,4.11719,-5.71094,-1,0.265625
pipuck15,4.11719,-5.17969,-1,0.265625
pipuck15,4.11719,-4.91406,-1,0.265625
pipuck15,4.11719,-4.64844,-1,0.265625
pipuck15,4.11719,-4.38281,-1,0.265625
pipuck15,4.11719,-4.11719,-1,0.265625
pipuck15,4.11719,-3.85156,-1,0.265625
pipuck15,4.11719,1.46094,-1,0.265625
pipuck15,4.11719,2.25781,-1,0.265625
pipuck15,4.11719,4.91406,0.2575,0.265625
pipuck15,4.11719,5.17969,0.25875,0.265625
pipuck15,4.11719,5.44531,0.253125,0.265625
pipuck15,4.11719,5.71094,0.170625,0.265625
pipuck15,4.11719,7.03906,0.153125,0.265625
pipuck15,4.11719,7.30469,0.165625,0.265625
pipuck15,4.38281,-14.4766,-1,0.265625
pipuck15,4.38281,-14.2109,-1,0.265625
pipuck15,4.38281,-13.9453,-1,0.265625
pipuck15,4.38281,-13.6797,-1,0.265625
pipuck15,4.38281,-13.4141,-1,0.265625
pipuck15,4.38281,-13.1484,-1,0.265625
pipuck15,4.38281,-12.8828,-1,0.265625
pipuck15,4.38281,-12.6172,-1,0.265625
pipuck15,4.38281,-12.3516,-1,0.265625
pipuck15,4.38281,-12.0859,-1,0.265625
pipuck15,4.38281,-11.8203,-1,0.265625
pipuck15,4.38281,-11.5547,-1,0.265625
pipuck15,4.38281,-11.2891,-1,0.265625
pipuck15,4.38281,-11.0234,-1,0.265625
pipuck15,4.38281,-10.7578,-1,0.265625
pipuck15,4.38281,-10.4922,0.78875,0.265625
pipuck15,4.38281,-10.2266,0.998125,0.265625
pipuck15,4.38281,-9.96094,0.99875,0.265625
pipuck15,4.38281,-9.69531,-1,0.265625
pipuck15,4.38281,-9.42969,-1,0.265625
pipuck15,4.38281,-6.77344,-1,0.265625
pipuck15,4.38281,-5.97656,-1,0.265625
pipuck15,4.38281,-5.71094,-1,0.265625
pipuck15,4.38281,-5.44531,-1,0.265625
pipuck15,4.38281,-5.17969,-1,0.265625
pipuck15,4.38281,-4.91406,-1,0.265625
pipuck15,4.38281,-4.64844,-1,0.265625
pipuck15,4.38281,-4.38281,-1,0.265625
pipuck15,4.38281,4.91406,0.23125,0.265625
pipuck15,4.38281,5.17969,0.25375,0.265625
pipuck15,4.38281,5.44531,0.234375,0.265625
pipuck15,4.38281,5.71094,0.23625,0.265625
pipuck15,4.38281,5.97656,0.23375,0.265625
pipuck15,4.38281,6.24219,0.1775,0.265625
pipuck15,4.38281,6.50781,0.198125,0.265625
pipuck15,4.38281,6.77344,0.171875,0.265625
pipuck15,4.38281,7.03906,0.14375,0.265625
pipuck15,4.64844,-14.2109,-1,0.265625
pipuck15,4.64844,-13.9453,-1,0.265625
pipuck15,4.64844,-13.6797,0.8275,0.265625
pipuck15,4.64844,-13.4141,-1,0.265625
pipuck15,4.64844,-13.1484,-1,0.265625
pipuck15,4.64844,-12.8828,-1,0.265625
pipuck15,4.64844,-12.6172,-1,0.265625
pipuck15,4.64844,-12.3516,-1,0.265625
pipuck15,4.64844,-12.0859,-1,0.265625
pipuck15,4.64844,-11.8203,-1,0.265625
pipuck15,4.64844,-11.5547,-1,0.265625
pipuck15,4.64844,-11.2891,0.278125,0.265625
pipuck15,4.64844,-11.0234,-1,0.265625
pipuck15,4.64844,-10.7578,0.721875,0.265625
pipuck15,4.64844,-10.4922,0.500625,0.265625
pipuck15,4.64844,-10.2266,0.885625,0.265625
pipuck15,4.64844,-9.96094,0.88625,0.265625
pipuck15,4.64844,-9.69531,0.7725,0.265625
pipuck15,4.64844,-9.42969,-1,0.265625
pipuck15,4.64844,-5.97656,-1,0.265625
pipuck15,4.64844,-5.71094,-1,0.265625
pipuck15,4.64844,-5.44531,-1,0.265625
pipuck15,4.64844,-5.17969,-1,0.265625
pipuck15,4.64844,-2.78906,-1,0.265625
pipuck15,4.64844,5.71094,0.19,0.265625
pipuck15,4.64844,5.97656,0.199375,0.265625
pipuck15,4.64844,6.24219,0.194375,0.265625
pipuck15,4.64844,6.50781,0.1975,0.265625
pipuck15,4.91406,-14.2109,-1,0.265625
pipuck15,4.91406,-13.9453,0.7475,0.265625
pipuck15,4.91406,-13.6797,0.839375,0.265625
pipuck15,4.91406,-13.4141,0.80125,0.265625
pipuck15,4.91406,-13.1484,-1,0.265625
pipuck15,4.91406,-12.8828,-1,0.265625
pipuck15,4.91406,-12.6172,-1,0.265625
pipuck15,4.91406,-12.3516,-1,0.265625
pipuck15,4.91406,-12.0859,-1,0.265625
pipuck15,4.91406,-11.8203,0.111875,0.265625
pipuck15,4.91406,-11.5547,-1,0.265625
pipuck15,4.91406,-11.2891,-1,0.265625
pipuck15,4.91406,-11.0234,0.74,0.265625
pipuck15,4.91406,-10.7578,-1,0.265625
pipuck15,4.91406,-10.4922,-1,0.265625
pipuck15,4.91406,-10.2266,0.82875,0.265625
pipuck15,4.91406,-9.96094,0.88,0.265625
pipuck15,4.91406,-9.69531,0.87375,0.265625
pipuck15,4.91406,-9.42969,-1,0.265625
pipuck15,4.91406,-9.16406,-1,0.265625
pipuck15,4.91406,-2.78906,-1,0.265625
pipuck15,4.91406,-2.52344,-1,0.265625
pipuck15,4.91406,7.83594,0.179375,0.265625
pipuck15,4.91406,8.10156,0.1575,0.265625
pipuck15,4.91406,9.96094,-1,0.265625
pipuck15,4.91406,10.2266,-1,0.265625
pipuck15,5.17969,-14.2109,-1,0.265625
pipuck15,5.17969,-13.9453,0.719375,0.265625
pipuck15,5.17969,-13.6797,0.84875,0.265625
pipuck15,5.17969,-13.4141,0.8425,0.265625
pipuck15,5.17969,-13.1484,-1,0.265625
pipuck15,5.17969,-12.8828,-1,0.265625
pipuck15,5.17969,-12.6172,-1,0.265625
pipuck15,5.17969,-12.3516,-1,0.265625
pipuck15,5.17969,-12.0859,-1,0.265625
pipuck15,5.17969,-11.8203,0.134375,0.265625
pipuck15,5.17969,-11.5547,0.751875,0.265625
pipuck15,5.17969,-11.2891,0.8425,0.265625
pipuck15,5.17969,-11.0234,-1,0.265625
pipuck15,5.17969,-10.7578,-1,0.265625
pipuck15,5.17969,-10.4922,0.44375,0.265625
pipuck15,5.17969,-10.2266,0.43875,0.265625
pipuck15,5.17969,-9.96094,0.89625,0.265625
pipuck15,5.17969,-9.69531,0.896875,0.265625
pipuck15,5.17969,-9.42969,-1,0.265625
pipuck15,5.17969,-9.16406,-1,0.265625
pipuck15,5.17969,7.03906,0.213125,0.265625
pipuck15,5.17969,7.30469,0.1875,0.265625
pipuck15,5.17969,7.57031,0.1775,0.265625
pipuck15,5.17969,7.83594,0.178125,0.265625
pipuck15,5.17969,9.69531,-1,0.265625
pipuck15,5.17969,9.96094,-1,0.265625
pipuck15,5.17969,10.2266,-1,0.265625
pipuck15,5.44531,-13.9453,0.71875,0.265625
pipuck15,5.44531,-13.6797,0.846875,0.265625
pipuck15,5.44531,-13.4141,0.848125,0.265625
pipuck15,5.44531,-13.1484,-1,0.265625
pipuck15,5.44531,-12.8828,-1,0.265625
pipuck15,5.44531,-12.3516,-1,0.265625
pipuck15,5.44531,-12.0859,-1,0.265625
pipuck15,5.44531,-11.8203,0.13375,0.265625
pipuck15,5.44531,-11.5547,-1,0.265625
pipuck15,5.44531,-11.2891,0.833125,0.265625
pipuck15,5.44531,-11.0234,-1,0.265625
pipuck15,5.44531,-10.7578,0.783125,0.265625
pipuck15,5.44531,-10.4922,0.443125,0.265625
pipuck15,5.44531,-10.2266,0.440625,0.265625
pipuck15,5.44531,-9.96094,0.831875,0.265625
pipuck15,5.44531,-9.69531,0.858125,0.265625
pipuck15,5.44531,-9.42969,-1,0.265625
pipuck15,5.44531,-9.16406,-1,0.265625
pipuck15,5.44531,-1.99219,-1,0.265625
pipuck15,5.44531,-1.46094,-1,0.265625
pipuck15,5.44531,6.24219,0.20125,0.265625
pipuck15,5.44531,6.50781,0.229375,0.265625
pipuck15,5.44531,6.77344,0.230625,0.265625
pipuck15,5.44531,7.03906,0.209375,0.265625
pipuck15,5.44531,7.30469,0.20625,0.265625
pipuck15,5.44531,7.57031,0.16,0.265625
pipuck15,5.44531,9.42969,-1,0.265625
pipuck15,5.44531,9.69531,-1,0.265625
pipuck15,5.44531,9.96094,-1,0.265625
pipuck15,5.44531,10.2266,-1,0.265625
pipuck15,5.44531,10.4922,-1,0.265625
pipuck15,5.44531,11.2891,-1,0.265625
pipuck15,5.44531,12.3516,-1,0.265625
pipuck15,5.71094,-13.9453,0.705,0.265625
pipuck15,5.71094,-13.6797,0.845,0.265625
pipuck15,5.71094,-13.4141,0.835625,0.265625
pipuck15,5.71094,-13.1484,-1,0.265625
pipuck15,5.71094,-12.8828,-1,0.265625
pipuck15,5.71094,-12.6172,-1,0.265625
pipuck15,5.71094,-12.3516,-1,0.265625
pipuck15,5.71094,-12.0859,-1,0.265625
pipuck15,5.71094,-11.8203,-1,0.265625
pipuck15,5.71094,-11.5547,-1,0.265625
pipuck15,5.71094,-11.2891,-1,0.265625
pipuck15,5.71094,-11.0234,-1,0.265625
pipuck15,5.71094,-10.7578,0.27375,0.265625
pipuck15,5.71094,-10.4922,-1,0.265625
pipuck15,5.71094,-10.2266,0.370625,0.265625
pipuck15,5.71094,-9.96094,0.9675,0.265625
pipuck15,5.71094,-9.69531,0.996875,0.265625
pipuck15,5.71094,-9.42969,0.998125,0.265625
pipuck15,5.71094,-9.16406,-1,0.265625
pipuck15,5.71094,-8.89844,-1,0.265625
pipuck15,5.71094,-2.25781,-1,0.265625
pipuck15,5.71094,2.25781,-1,0.265625
pipuck15,5.71094,2.52344,-1,0.265625
pipuck15,5.71094,2.78906,0.07875,0.265625
pipuck15,5.71094,5.17969,0.103125,0.265625
pipuck15,5.71094,5.44531,0.18625,0.265625
pipuck15,5.71094,5.71094,0.248125,0.265625
pipuck15,5.71094,5.97656,0.24625,0.265625
pipuck15,5.71094,6.24219,0.22875,0.265625
pipuck15,5.71094,6.50781,0.2175,0.265625
pipuck15,5.71094,6.77344,0.216875,0.265625
pipuck15,5.71094,7.03906,0.206875,0.265625
pipuck15,5.71094,9.42969,-1,0.265625
pipuck15,5.71094,9.69531,-1,0.265625
pipuck15,5.71094,9.96094,0.001875,0.265625
pipuck15,5.71094,10.2266,-1,0.265625
pipuck15,5.71094,11.0234,-1,0.265625
pipuck15,5.71094,11.2891,-1,0.265625
pipuck15,5.71094,12.0859,-1,0.265625
pipuck15,5.71094,12.3516,-1,0.265625
pipuck15,5.71094,12.6172,-1,0.265625
pipuck15,5.97656,-13.9453,-1,0.265625
pipuck15,5.97656,-13.6797,0.72375,0.265625
pipuck15,5.97656,-13.4141,0.885,0.265625
pipuck15,5.97656,-13.1484,-1,0.265625
pipuck15,5.97656,-12.3516,0.15,0.265625
pipuck15,5.97656,-12.0859,-1,0.265625
pipuck15,5.97656,-11.8203,-1,0.265625
pipuck15,5.97656,-11.5547,-1,0.265625
pipuck15,5.97656,-11.2891,-1,0.265625
pipuck15,5.97656,-11.0234,0.78875,0.265625
pipuck15,5.97656,-10.7578,0.83875,0.265625
pipuck15,5.97656,-10.4922,0.9775,0.265625
pipuck15,5.97656,-10.2266,0.900625,0.265625
pipuck15,5.97656,-9.96094,0.96375,0.265625
pipuck15,5.97656,-9.69531,0.99875,0.265625
pipuck15,5.97656,-9.42969,0.9975,0.265625
pipuck15,5.97656,-9.16406,-1,0.265625
pipuck15,5.97656,1.46094,-1,0.265625
pipuck15,5.97656,1.72656,-1,0.265625
pipuck15,5.97656,1.99219,-1,0.265625
pipuck15,5.97656,2.25781,-1,0.265625
pipuck15,5.97656,2.52344,0.0775,0.265625
pipuck15,5.97656,2.78906,0.07625,0.265625
pipuck15,5.97656,3.05469,-1,0.265625
pipuck15,5.97656,3.32031,-1,0.265625
pipuck15,5.97656,4.64844,0.096875,0.265625
pipuck15,5.97656,4.91406,0.25625,0.265625
pipuck15,5.97656,5.17969,0.2575,0.265625
pipuck15,5.97656,5.44531,0.249375,0.265625
pipuck15,5.97656,5.71094,0.225625,0.265625
pipuck15,5.97656,5.97656,0.245625,0.265625
pipuck15,5.97656,6.24219,0.243125,0.265625
pipuck15,5.97656,9.16406,-1,0.265625
pipuck15,5.97656,9.42969,-1,0.265625
pipuck15,5.97656,9.69531,0.00375,0.265625
pipuck15,5.97656,9.96094,0.0025,0.265625
pipuck15,5.97656,10.2266,0.003125,0.265625
pipuck15,5.97656,10.7578,-1,0.265625
pipuck15,5.97656,11.0234,-1,0.265625
pipuck15,5.97656,11.2891,-1,0.265625
pipuck15,5.97656,12.0859,-1,0.265625
pipuck15,5.97656,12.3516,-1,0.265625
pipuck15,5.97656,12.6172,-1,0.265625
pipuck15,6.24219,-13.9453,0.7225,0.265625
pipuck15,6.24219,-13.6797,0.724375,0.265625
pipuck15,6.24219,-13.4141,0.88125,0.265625
pipuck15,6.24219,-13.1484,0.881875,0.265625
pipuck15,6.24219,-12.6172,0.7825,0.265625
pipuck15,6.24219,-12.3516,-1,0.265625
pipuck15,6.24219,-12.0859,0.725,0.265625
pipuck15,6.24219,-11.8203,-1,0.265625
pipuck15,6.24219,-11.5547,-1,0.265625
pipuck15,6.24219,-11.2891,-1,0.265625
pipuck15,6.24219,-11.0234,0.888125,0.265625
pipuck15,6.24219,-10.7578,0.99875,0.265625
pipuck15,6.24219,-10.4922,0.998125,0.265625
pipuck15,6.24219,-10.2266,0.963125,0.265625
pipuck15,6.24219,-9.96094,0.985,0.265625
pipuck15,6.24219,-9.69531,0.9825,0.265625
pipuck15,6.24219,-9.42969,0.980625,0.265625
pipuck15,6.24219,-9.16406,0.689375,0.265625
pipuck15,6.24219,0.929688,-1,0.265625
pipuck15,6.24219,1.19531,-1,0.265625
pipuck15,6.24219,1.46094,-1,0.265625
pipuck15,6.24219,1.72656,-1,0.265625
pipuck15,6.24219,1.99219,-1,0.265625
pipuck15,6.24219,2.25781,-1,0.265625
pipuck15,6.24219,2.52344,-1,0.265625
pipuck15,6.24219,2.78906,0.076875,0.265625
pipuck15,6.24219,3.05469,0.075625,0.265625
pipuck15,6.24219,4.91406,0.255625,0.265625
pipuck15,6.24219,5.17969,0.253125,0.265625
pipuck15,6.24219,5.44531,0.224375,0.265625
pipuck15,6.24219,9.16406,-1,0.265625
pipuck15,6.24219,9.42969,-1,0.265625
pipuck15,6.24219,9.69531,-1,0.265625
pipuck15,6.24219,9.96094,-1,0.265625
pipuck15,6.24219,10.4922,-1,0.265625
pipuck15,6.24219,10.7578,-1,0.265625
pipuck15,6.24219,11.0234,-1,0.265625
pipuck15,6.24219,11.2891,-1,0.265625
pipuck15,6.24219,11.8203,-1,0.265625
pipuck15,6.24219,12.0859,-1,0.265625
pipuck15,6.24219,12.3516,-1,0.265625
pipuck15,6.24219,12.6172,-1,0.265625
pipuck15,6.24219,13.6797,-1,0.265625
pipuck15,6.50781,-13.9453,-1,0.265625
pipuck15,6.50781,-13.6797,0.725625,0.265625
pipuck15,6.50781,-13.4141,0.8775,0.265625
pipuck15,6.50781,-13.1484,0.88,0.265625
pipuck15,6.50781,-12.8828,0.46625,0.265625
pipuck15,6.50781,-12.0859,0.8425,0.265625
pipuck15,6.50781,-11.8203,-1,0.265625
pipuck15,6.50781,-11.5547,-1,0.265625
pipuck15,6.50781,-11.2891,-1,0.265625
pipuck15,6.50781,-11.0234,0.88125,0.265625
pipuck15,6.50781,-10.7578,0.923125,0.265625
pipuck15,6.50781,-10.4922,0.973125,0.265625
pipuck15,6.50781,-10.2266,0.96875,0.265625
pipuck15,6.50781,-9.96094,0.985625,0.265625
pipuck15,6.50781,-9.69531,0.9775,0.265625
pipuck15,6.50781,-9.42969,0.741875,0.265625
pipuck15,6.50781,0.132812,-1,0.265625
pipuck15,6.50781,0.398438,-1,0.265625
pipuck15,6.50781,0.664062,-1,0.265625
pipuck15,6.50781,0.929688,-1,0.265625
pipuck15,6.50781,1.19531,-1,0.265625
pipuck15,6.50781,1.46094,-1,0.265625
pipuck15,6.50781,2.52344,-1,0.265625
pipuck15,6.50781,2.78906,-1,0.265625
pipuck15,6.50781,3.05469,0.074375,0.265625
pipuck15,6.50781,3.32031,0.0725,0.265625
pipuck15,6.50781,8.89844,-1,0.265625
pipuck15,6.50781,9.16406,-1,0.265625
pipuck15,6.50781,9.42969,-1,0.265625
pipuck15,6.50781,9.69531,-1,0.265625
pipuck15,6.50781,10.4922,-1,0.265625
pipuck15,6.50781,10.7578,-1,0.265625
pipuck15,6.50781,11.0234,-1,0.265625
pipuck15,6.50781,11.8203,-1,0.265625
pipuck15,6.50781,12.0859,-1,0.265625
pipuck15,6.50781,12.3516,-1,0.265625
pipuck15,6.50781,13.1484,-1,0.265625
pipuck15,6.50781,13.4141,-1,0.265625
pipuck15,6.50781,13.6797,-1,0.265625
pipuck15,6.77344,-13.6797,0.32125,0.265625
pipuck15,6.77344,-13.4141,0.69125,0.265625
pipuck15,6.77344,-13.1484,0.871875,0.265625
pipuck15,6.77344,-12.8828,0.806875,0.265625
pipuck15,6.77344,-12.3516,0.8575,0.265625
pipuck15,6.77344,-11.2891,0.344375,0.265625
pipuck15,6.77344,-11.0234,0.98,0.265625
pipuck15,6.77344,-10.7578,0.975,0.265625
pipuck15,6.77344,-10.4922,0.950625,0.265625
pipuck15,6.77344,-10.2266,0.7275,0.265625
pipuck15,6.77344,-0.398438,-1,0.265625
pipuck15,6.77344,-0.132812,-1,0.265625
pipuck15,6.77344,0.132812,-1,0.265625
pipuck15,6.77344,0.398438,-1,0.265625
pipuck15,6.77344,0.664062,-1,0.265625
pipuck15,6.77344,2.78906,0.06375,0.265625
pipuck15,6.77344,3.05469,0.07125,0.265625
pipuck15,6.77344,3.32031,0.07,0.265625
pipuck15,6.77344,5.44531,0.09375,0.265625
pipuck15,6.77344,5.71094,0.094375,0.265625
pipuck15,6.77344,5.97656,0.0675,0.265625
pipuck15,6.77344,8.89844,-1,0.265625
pipuck15,6.77344,9.16406,-1,0.265625
pipuck15,6.77344,9.42969,-1,0.265625
pipuck15,6.77344,9.69531,-1,0.265625
pipuck15,6.77344,10.2266,-1,0.265625
pipuck15,6.77344,10.4922,-1,0.265625
pipuck15,6.77344,10.7578,-1,0.265625
pipuck15,6.77344,11.0234,-1,0.265625
pipuck15,6.77344,11.8203,-1,0.265625
pipuck15,6.77344,12.0859,-1,0.265625
pipuck15,6.77344,12.3516,-1,0.265625
pipuck15,6.77344,13.1484,-1,0.265625
pipuck15,6.77344,13.4141,-1,0.265625
pipuck15,6.77344,13.6797,-1,0.265625
pipuck15,7.03906,-13.6797,0.205,0.265625
pipuck15,7.03906,-13.4141,0.71375,0.265625
pipuck15,7.03906,-13.1484,0.849375,0.265625
pipuck15,7.03906,-12.8828,0.85,0.265625
pipuck15,7.03906,-12.0859,-1,0.265625
pipuck15,7.03906,-11.5547,-1,0.265625
pipuck15,7.03906,-11.2891,0.351875,0.265625
pipuck15,7.03906,-11.0234,-1,0.265625
pipuck15,7.03906,-10.7578,0.60625,0.265625
pipuck15,7.03906,-9.69531,-1,0.265625
pipuck15,7.03906,-9.42969,-1,0.265625
pipuck15,7.03906,-0.132812,-1,0.265625
pipuck15,7.03906,0.132812,-1,0.265625
pipuck15,7.03906,0.398438,-1,0.265625
pipuck15,7.03906,2.25781,0.064375,0.265625
pipuck15,7.03906,2.52344,0.053125,0.265625
pipuck15,7.03906,2.78906,0.0625,0.265625
pipuck15,7.03906,3.05469,0.0675,0.265625
pipuck15,7.03906,3.32031,0.03625,0.265625
pipuck15,7.03906,5.17969,0.09125,0.265625
pipuck15,7.03906,5.44531,0.093125,0.265625
pipuck15,7.03906,5.71094,0.08375,0.265625
pipuck15,7.03906,8.63281,-1,0.265625
pipuck15,7.03906,8.89844,-1,0.265625
pipuck15,7.03906,9.16406,-1,0.265625
pipuck15,7.03906,9.42969,-1,0.265625
pipuck15,7.03906,9.69531,-1,0.265625
pipuck15,7.03906,9.96094,-1,0.265625
pipuck15,7.03906,10.2266,-1,0.265625
pipuck15,7.03906,10.4922,-1,0.265625
pipuck15,7.03906,10.7578,-1,0.265625
pipuck15,7.03906,11.5547,-1,0.265625
pipuck15,7.03906,11.8203,-1,0.265625
pipuck15,7.03906,12.0859,-1,0.265625
pipuck15,7.03906,12.8828,-1,0.265625
pipuck15,7.03906,13.1484,-1,0.265625
pipuck15,7.03906,13.4141,-1,0.265625
pipuck15,7.03906,13.6797,-1,0.265625
pipuck15,7.30469,-13.4141,0.68125,0.265625
pipuck15,7.30469,-13.1484,0.846875,0.265625
pipuck15,7.30469,-12.8828,0.848125,0.265625
pipuck15,7.30469,-12.6172,0.539375,0.265625
pipuck15,7.30469,-12.0859,-1,0.265625
pipuck15,7.30469,-11.8203,-1,0.265625
pipuck15,7.30469,-11.5547,0.185,0.265625
pipuck15,7.30469,-11.2891,-1,0.265625
pipuck15,7.30469,-10.7578,0.825,0.265625
pipuck15,7.30469,-10.4922,-1,0.265625
pipuck15,7.30469,-10.2266,-1,0.265625
pipuck15,7.30469,-9.96094,-1,0.265625
pipuck15,7.30469,-9.69531,-1,0.265625
pipuck15,7.30469,-9.42969,-1,0.265625
pipuck15,7.30469,0.132812,-1,0.265625
pipuck15,7.30469,0.398438,-1,0.265625
pipuck15,7.30469,1.46094,-1,0.265625
pipuck15,7.30469,1.72656,-1,0.265625
pipuck15,7.30469,1.99219,0.045,0.265625
pipuck15,7.30469,2.25781,0.066875,0.265625
pipuck15,7.30469,2.52344,0.0475,0.265625
pipuck15,7.30469,2.78906,0.055,0.265625
pipuck15,7.30469,3.05469,0.05875,0.265625
pipuck15,7.30469,3.32031,0.035625,0.265625
pipuck15,7.30469,5.44531,0.088125,0.265625
pipuck15,7.30469,5.71094,0.08625,0.265625
pipuck15,7.30469,8.63281,-1,0.265625
pipuck15,7.30469,8.89844,-1,0.265625
pipuck15,7.30469,9.16406,-1,0.265625
pipuck15,7.30469,9.42969,-1,0.265625
pipuck15,7.30469,10.2266,-1,0.265625
pipuck15,7.30469,10.4922,-1,0.265625
pipuck15,7.30469,10.7578,-1,0.265625
pipuck15,7.30469,11.0234,-1,0.265625
pipuck15,7.30469,11.5547,-1,0.265625
pipuck15,7.30469,11.8203,-1,0.265625
pipuck15,7.30469,12.0859,-1,0.265625
pipuck15,7.30469,12.8828,-1,0.265625
pipuck15,7.30469,13.1484,-1,0.265625
pipuck15,7.30469,13.4141,-1,0.265625
pipuck15,7.30469,13.6797,-1,0.265625
pipuck15,7.57031,-13.4141,0.3275,0.265625
pipuck15,7.57031,-13.1484,0.72,0.265625
pipuck15,7.57031,-12.8828,0.845,0.265625
pipuck15,7.57031,-12.6172,0.620625,0.265625
pipuck15,7.57031,-12.0859,-1,0.265625
pipuck15,7.57031,-11.8203,0.74125,0.265625
pipuck15,7.57031,-11.5547,0.828125,0.265625
pipuck15,7.57031,-11.2891,0.849375,0.265625
pipuck15,7.57031,-11.0234,0.84875,0.265625
pipuck15,7.57031,-10.7578,0.94125,0.265625
pipuck15,7.57031,-10.4922,0.960625,0.265625
pipuck15,7.57031,-10.2266,0.6675,0.265625
pipuck15,7.57031,-2.78906,-1,0.265625
pipuck15,7.57031,-0.132812,-1,0.265625
pipuck15,7.57031,0.132812,-1,0.265625
pipuck15,7.57031,0.398438,-1,0.265625
pipuck15,7.57031,0.664062,-1,0.265625
pipuck15,7.57031,1.19531,-1,0.265625
pipuck15,7.57031,1.46094,-1,0.265625
pipuck15,7.57031,1.72656,0.01,0.265625
pipuck15,7.57031,1.99219,0.045625,0.265625
pipuck15,7.57031,2.25781,0.04625,0.265625
pipuck15,7.57031,5.44531,0.085,0.265625
pipuck15,7.57031,5.71094,0.07375,0.265625
pipuck15,7.57031,5.97656,0.055,0.265625
pipuck15,7.57031,8.36719,-1,0.265625
pipuck15,7.57031,8.63281,-1,0.265625
pipuck15,7.57031,8.89844,0.008125,0.265625
pipuck15,7.57031,9.16406,-1,0.265625
pipuck15,7.57031,9.42969,-1,0.265625
pipuck15,7.57031,10.2266,-1,0.265625
pipuck15,7.57031,10.4922,-1,0.265625
pipuck15,7.57031,10.7578,0.000625,0.265625
pipuck15,7.57031,11.0234,0.001875,0.265625
pipuck15,7.57031,11.2891,-1,0.265625
pipuck15,7.57031,11.5547,-1,0.265625
pipuck15,7.57031,11.8203,-1,0.265625
pipuck15,7.57031,12.6172,-1,0.265625
pipuck15,7.57031,12.8828,-1,0.265625
pipuck15,7.57031,13.1484,-1,0.265625
pipuck15,7.57031,13.4141,-1,0.265625
pipuck15,7.83594,-13.4141,0.28625,0.265625
pipuck15,7.83594,-13.1484,0.674375,0.265625
pipuck15,7.83594,-12.8828,0.885,0.265625
pipuck15,7.83594,-12.6172,0.756875,0.265625
pipuck15,7.83594,-12.3516,0.87,0.265625
pipuck15,7.83594,-12.0859,0.873125,0.265625
pipuck15,7.83594,-11.8203,0.871875,0.265625
pipuck15,7.83594,-11.5547,0.9125,0.265625
pipuck15,7.83594,-11.2891,0.913125,0.265625
pipuck15,7.83594,-11.0234,0.975,0.265625
pipuck15,7.83594,-10.7578,0.9825,0.265625
pipuck15,7.83594,-10.4922,0.98125,0.265625
pipuck15,7.83594,-10.2266,0.82375,0.265625
pipuck15,7.83594,-3.58594,-1,0.265625
pipuck15,7.83594,-3.32031,-1,0.265625
pipuck15,7.83594,-3.05469,-1,0.265625
pipuck15,7.83594,-2.78906,-1,0.265625
pipuck15,7.83594,-2.52344,-1,0.265625
pipuck15,7.83594,-1.19531,-1,0.265625
pipuck15,7.83594,-0.929688,-1,0.265625
pipuck15,7.83594,-0.664062,-1,0.265625
pipuck15,7.83594,-0.398438,-1,0.265625
pipuck15,7.83594,-0.132812,-1,0.265625
pipuck15,7.83594,0.132812,-1,0.265625
pipuck15,7.83594,0.398438,-1,0.265625
pipuck15,7.83594,0.664062,-1,0.265625
pipuck15,7.83594,0.929688,-1,0.265625
pipuck15,7.83594,1.19531,-1,0.265625
pipuck15,7.83594,1.46094,0.0075,0.265625
pipuck15,7.83594,1.72656,0.01125,0.265625
pipuck15,7.83594,5.97656,0.05625,0.265625
pipuck15,7.83594,8.36719,-1,0.265625
pipuck15,7.83594,8.63281,0.009375,0.265625
pipuck15,7.83594,8.89844,0.01125,0.265625
pipuck15,7.83594,9.16406,-1,0.265625
pipuck15,7.83594,10.4922,-1,0.265625
pipuck15,7.83594,10.7578,-1,0.265625
pipuck15,7.83594,11.0234,0.00375,0.265625
pipuck15,7.83594,11.2891,-1,0.265625
pipuck15,7.83594,11.5547,-1,0.265625
pipuck15,7.83594,11.8203,-1,0.265625
pipuck15,7.83594,12.6172,-1,0.265625
pipuck15,7.83594,12.8828,-1,0.265625
pipuck15,7.83594,13.1484,-1,0.265625
pipuck15,8.10156,-13.1484,0.3775,0.265625
pipuck15,8.10156,-12.8828,0.88375,0.265625
pipuck15,8.10156,-12.6172,0.879375,0.265625
pipuck15,8.10156,-12.3516,0.88125,0.265625
pipuck15,8.10156,-12.0859,0.894375,0.265625
pipuck15,8.10156,-11.8203,0.950625,0.265625
pipuck15,8.10156,-11.5547,0.939375,0.265625
pipuck15,8.10156,-11.2891,0.95125,0.265625
pipuck15,8.10156,-11.0234,0.98,0.265625
pipuck15,8.10156,-10.7578,0.76875,0.265625
pipuck15,8.10156,-10.4922,0.985,0.265625
pipuck15,8.10156,-10.2266,-1,0.265625
pipuck15,8.10156,-8.36719,-1,0.265625
pipuck15,8.10156,-8.10156,-1,0.265625
pipuck15,8.10156,-4.11719,-1,0.265625
pipuck15,8.10156,-3.85156,-1,0.265625
pipuck15,8.10156,-3.58594,-1,0.265625
pipuck15,8.10156,-3.32031,-1,0.265625
pipuck15,8.10156,-3.05469,-1,0.265625
pipuck15,8.10156,-2.78906,-1,0.265625
pipuck15,8.10156,-2.52344,-1,0.265625
pipuck15,8.10156,-2.25781,-1,0.265625
pipuck15,8.10156,-1.46094,-1,0.265625
pipuck15,8.10156,-1.19531,-1,0.265625
pipuck15,8.10156,-0.929688,-1,0.265625
pipuck15,8.10156,-0.664062,-1,0.265625
pipuck15,8.10156,-0.398438,-1,0.265625
pipuck15,8.10156,-0.132812,-1,0.265625
pipuck15,8.10156,0.132812,-1,0.265625
pipuck15,8.10156,0.398438,-1,0.265625
pipuck15,8.10156,0.664062,-1,0.265625
pipuck15,8.10156,0.929688,-1,0.265625
pipuck15,8.10156,5.71094,0.056875,0.265625
pipuck15,8.10156,5.97656,-1,0.265625
pipuck15,8.10156,8.10156,-1,0.265625
pipuck15,8.10156,8.36719,-1,0.265625
pipuck15,8.10156,8.63281,0.018125,0.265625
pipuck15,8.10156,8.89844,0.014375,0.265625
pipuck15,8.10156,9.16406,-1,0.265625
pipuck15,8.10156,10.7578,-1,0.265625
pipuck15,8.10156,11.0234,0.003125,0.265625
pipuck15,8.10156,11.2891,-1,0.265625
pipuck15,8.10156,11.5547,-1,0.265625
pipuck15,8.10156,12.3516,-1,0.265625
pipuck15,8.10156,12.6172,-1,0.265625
pipuck15,8.10156,12.8828,-1,0.265625
pipuck15,8.10156,13.1484,-1,0.265625
pipuck15,8.10156,13.4141,-1,0.265625
pipuck15,8.36719,-13.1484,0.16125,0.265625
pipuck15,8.36719,-12.8828,0.596875,0.265625
pipuck15,8.36719,-12.6172,0.881875,0.265625
pipuck15,8.36719,-12.3516,0.668125,0.265625
pipuck15,8.36719,-12.0859,0.8825,0.265625
pipuck15,8.36719,-11.8203,0.97375,0.265625
pipuck15,8.36719,-11.5547,0.833125,0.265625
pipuck15,8.36719,-11.2891,0.760625,0.265625
pipuck15,8.36719,-11.0234,-1,0.265625
pipuck15,8.36719,-10.7578,-1,0.265625
pipuck15,8.36719,-10.4922,-1,0.265625
pipuck15,8.36719,-8.89844,-1,0.265625
pipuck15,8.36719,-8.63281,-1,0.265625
pipuck15,8.36719,-8.36719,0.665625,0.265625
pipuck15,8.36719,-8.10156,-1,0.265625
pipuck15,8.36719,-7.83594,-1,0.265625
pipuck15,8.36719,-7.57031,-1,0.265625
pipuck15,8.36719,-4.91406,-1,0.265625
pipuck15,8.36719,-4.64844,-1,0.265625
pipuck15,8.36719,-4.38281,-1,0.265625
pipuck15,8.36719,-4.11719,-1,0.265625
pipuck15,8.36719,-3.85156,-1,0.265625
pipuck15,8.36719,-3.58594,-1,0.265625
pipuck15,8.36719,-3.32031,-1,0.265625
pipuck15,8.36719,-2.78906,-1,0.265625
pipuck15,8.36719,-2.52344,-1,0.265625
pipuck15,8.36719,-2.25781,-1,0.265625
pipuck15,8.36719,-1.99219,-1,0.265625
pipuck15,8.36719,-1.72656,-1,0.265625
pipuck15,8.36719,-1.46094,-1,0.265625
pipuck15,8.36719,-1.19531,-1,0.265625
pipuck15,8.36719,-0.929688,-1,0.265625
pipuck15,8.36719,-0.664062,-1,0.265625
pipuck15,8.36719,-0.398438,-1,0.265625
pipuck15,8.36719,-0.132812,-1,0.265625
pipuck15,8.36719,0.132812,-1,0.265625
pipuck15,8.36719,0.398438,-1,0.265625
pipuck15,8.36719,5.97656,-1,0.265625
pipuck15,8.36719,8.10156,-1,0.265625
pipuck15,8.36719,8.36719,-1,0.265625
pipuck15,8.36719,8.63281,0.024375,0.265625
pipuck15,8.36719,8.89844,-1,0.265625
pipuck15,8.36719,11.2891,-1,0.265625
pipuck15,8.36719,11.5547,-1,0.265625
pipuck15,8.36719,12.3516,-1,0.265625
pipuck15,8.36719,12.6172,-1,0.265625
pipuck15,8.36719,12.8828,-1,0.265625
pipuck15,8.36719,13.1484,-1,0.265625
pipuck15,8.63281,-12.8828,-1,0.265625
pipuck15,8.63281,-12.6172,0.31875,0.265625
pipuck15,8.63281,-12.3516,-1,0.265625
pipuck15,8.63281,-12.0859,-1,0.265625
pipuck15,8.63281,-11.8203,0.89125,0.265625
pipuck15,8.63281,-11.5547,-1,0.265625
pipuck15,8.63281,-11.2891,-1,0.265625
pipuck15,8.63281,-8.89844,-1,0.265625
pipuck15,8.63281,-8.63281,-1,0.265625
pipuck15,8.63281,-8.36719,0.656875,0.265625
pipuck15,8.63281,-8.10156,-1,0.265625
pipuck15,8.63281,-7.83594,-1,0.265625
pipuck15,8.63281,-7.57031,-1,0.265625
pipuck15,8.63281,-7.30469,-1,0.265625
pipuck15,8.63281,-7.03906,-1,0.265625
pipuck15,8.63281,-6.77344,-1,0.265625
pipuck15,8.63281,-5.44531,-1,0.265625
pipuck15,8.63281,-5.17969,-1,0.265625
pipuck15,8.63281,-4.91406,-1,0.265625
pipuck15,8.63281,-4.64844,-1,0.265625
pipuck15,8.63281,-4.38281,-1,0.265625
pipuck15,8.63281,-4.11719,-1,0.265625
pipuck15,8.63281,-3.05469,-1,0.265625
pipuck15,8.63281,-2.52344,-1,0.265625
pipuck15,8.63281,-2.25781,-1,0.265625
pipuck15,8.63281,-1.99219,-1,0.265625
pipuck15,8.63281,-1.72656,-1,0.265625
pipuck15,8.63281,-1.46094,-1,0.265625
pipuck15,8.63281,-1.19531,-1,0.265625
pipuck15,8.63281,-0.929688,-1,0.265625
pipuck15,8.63281,-0.664062,-1,0.265625
pipuck15,8.63281,-0.398438,-1,0.265625
pipuck15,8.63281,-0.132812,-1,0.265625
pipuck15,8.63281,8.10156,-1,0.265625
pipuck15,8.63281,8.36719,0.02,0.265625
pipuck15,8.63281,8.63281,0.02875,0.265625
pipuck15,8.63281,8.89844,-1,0.265625
pipuck15,8.63281,12.3516,-1,0.265625
pipuck15,8.63281,12.6172,-1,0.265625
pipuck15,8.63281,12.8828,-1,0.265625
pipuck15,8.89844,-12.6172,-1,0.265625
pipuck15,8.89844,-12.3516,-1,0.265625
pipuck15,8.89844,-12.0859,-1,0.265625
pipuck15,8.89844,-10.2266,-1,0.265625
pipuck15,8.89844,-8.89844,-1,0.265625
pipuck15,8.89844,-8.63281,-1,0.265625
pipuck15,8.89844,-8.36719,-1,0.265625
pipuck15,8.89844,-8.10156,0.011875,0.265625
pipuck15,8.89844,-7.83594,0.003125,0.265625
pipuck15,8.89844,-7.57031,0.37,0.265625
pipuck15,8.89844,-7.30469,0.52875,0.265625
pipuck15,8.89844,-7.03906,0.835625,0.265625
pipuck15,8.89844,-6.77344,0.2075,0.265625
pipuck15,8.89844,-6.50781,-1,0.265625
pipuck15,8.89844,-5.44531,-1,0.265625
pipuck15,8.89844,-5.17969,-1,0.265625
pipuck15,8.89844,-3.58594,-1,0.265625
pipuck15,8.89844,-3.32031,-1,0.265625
pipuck15,8.89844,-3.05469,-1,0.265625
pipuck15,8.89844,-2.78906,-1,0.265625
pipuck15,8.89844,-2.52344,-1,0.265625
pipuck15,8.89844,-2.25781,-1,0.265625
pipuck15,8.89844,-1.99219,-1,0.265625
pipuck15,8.89844,-1.72656,-1,0.265625
pipuck15,8.89844,-1.46094,-1,0.265625
pipuck15,8.89844,-1.19531,-1,0.265625
pipuck15,8.89844,-0.398438,-1,0.265625
pipuck15,8.89844,-0.132812,-1,0.265625
pipuck15,8.89844,0.132812,-1,0.265625
pipuck15,8.89844,0.398438,-1,0.265625
pipuck15,8.89844,8.10156,-1,0.265625
pipuck15,8.89844,8.36719,0.03125,0.265625
pipuck15,8.89844,8.63281,0.03,0.265625
pipuck15,8.89844,12.0859,-1,0.265625
pipuck15,8.89844,12.3516,-1,0.265625
pipuck15,8.89844,12.6172,-1,0.265625
pipuck15,9.16406,-12.6172,-1,0.265625
pipuck15,9.16406,-12.3516,-1,0.265625
pipuck15,9.16406,-12.0859,-1,0.265625
pipuck15,9.16406,-9.96094,-1,0.265625
pipuck15,9.16406,-9.69531,-1,0.265625
pipuck15,9.16406,-7.83594,-1,0.265625
pipuck15,9.16406,-7.57031,-1,0.265625
pipuck15,9.16406,-7.30469,0.693125,0.265625
pipuck15,9.16406,-7.03906,0.905,0.265625
pipuck15,9.16406,-6.77344,0.905625,0.265625
pipuck15,9.16406,-6.50781,0.9075,0.265625
pipuck15,9.16406,-6.24219,-1,0.265625
pipuck15,9.16406,-4.11719,-1,0.265625
pipuck15,9.16406,-3.85156,-1,0.265625
pipuck15,9.16406,-3.58594,-1,0.265625
pipuck15,9.16406,-3.32031,-1,0.265625
pipuck15,9.16406,-3.05469,-1,0.265625
pipuck15,9.16406,-2.78906,-1,0.265625
pipuck15,9.16406,-2.52344,-1,0.265625
pipuck15,9.16406,-2.25781,-1,0.265625
pipuck15,9.16406,-1.99219,-1,0.265625
pipuck15,9.16406,-0.398438,-1,0.265625
pipuck15,9.16406,-0.132812,-1,0.265625
pipuck15,9.16406,0.132812,-1,0.265625
pipuck15,9.16406,0.398438,-1,0.265625
pipuck15,9.16406,0.664062,-1,0.265625
pipuck15,9.16406,3.85156,-1,0.265625
pipuck15,9.16406,4.11719,0.038125,0.265625
pipuck15,9.16406,4.38281,0.0375,0.265625
pipuck15,9.16406,8.10156,-1,0.265625
pipuck15,9.16406,8.36719,0.06375,0.265625
pipuck15,9.16406,8.63281,0.029375,0.265625
pipuck15,9.16406,12.0859,-1,0.265625
pipuck15,9.16406,12.3516,-1,0.265625
pipuck15,9.16406,12.6172,-1,0.265625
pipuck15,9.42969,-12.6172,-1,0.265625
pipuck15,9.42969,-12.3516,-1,0.265625
pipuck15,9.42969,-12.0859,-1,0.265625
pipuck15,9.42969,-9.96094,-1,0.265625
pipuck15,9.42969,-9.42969,-1,0.265625
pipuck15,9.42969,-9.16406,-1,0.265625
pipuck15,9.42969,-8.89844,-1,0.265625
pipuck15,9.42969,-8.63281,-1,0.265625
pipuck15,9.42969,-7.83594,-1,0.265625
pipuck15,9.42969,-7.03906,0.66875,0.265625
pipuck15,9.42969,-6.77344,0.90625,0.265625
pipuck15,9.42969,-6.50781,0.91375,0.265625
pipuck15,9.42969,-6.24219,0.914375,0.265625
pipuck15,9.42969,-5.97656,0.915625,0.265625
pipuck15,9.42969,-5.71094,0.62625,0.265625
pipuck15,9.42969,-5.44531,0.846875,0.265625
pipuck15,9.42969,-5.17969,0.769375,0.265625
pipuck15,9.42969,-4.64844,-1,0.265625
pipuck15,9.42969,-4.38281,-1,0.265625
pipuck15,9.42969,-4.11719,-1,0.265625
pipuck15,9.42969,-3.85156,-1,0.265625
pipuck15,9.42969,-3.58594,-1,0.265625
pipuck15,9.42969,-3.32031,-1,0.265625
pipuck15,9.42969,-3.05469,-1,0.265625
pipuck15,9.42969,-2.78906,-1,0.265625
pipuck15,9.42969,-0.398438,-1,0.265625
pipuck15,9.42969,-0.132812,-1,0.265625
pipuck15,9.42969,0.132812,-1,0.265625
pipuck15,9.42969,0.398438,-1,0.265625
pipuck15,9.42969,0.664062,-1,0.265625
pipuck15,9.42969,0.929688,-1,0.265625
pipuck15,9.42969,3.05469,0.043125,0.265625
pipuck15,9.42969,3.32031,0.048125,0.265625
pipuck15,9.42969,3.58594,0.049375,0.265625
pipuck15,9.42969,3.85156,0.02125,0.265625
pipuck15,9.42969,4.11719,0.029375,0.265625
pipuck15,9.42969,4.38281,0.031875,0.265625
pipuck15,9.42969,8.10156,0.06,0.265625
pipuck15,9.42969,8.36719,0.065,0.265625
pipuck15,9.42969,11.8203,0.0225,0.265625
pipuck15,9.42969,12.0859,-1,0.265625
pipuck15,9.42969,12.3516,-1,0.265625
pipuck15,9.69531,-12.6172,-1,0.265625
pipuck15,9.69531,-12.3516,-1,0.265625
pipuck15,9.69531,-12.0859,-1,0.265625
pipuck15,9.69531,-11.8203,-1,0.265625
pipuck15,9.69531,-9.69531,-1,0.265625
pipuck15,9.69531,-9.42969,-1,0.265625
pipuck15,9.69531,-9.16406,-1,0.265625
pipuck15,9.69531,-8.89844,-1,0.265625
pipuck15,9.69531,-8.63281,-1,0.265625
pipuck15,9.69531,-8.36719,0.008125,0.265625
pipuck15,9.69531,-8.10156,0.17625,0.265625
pipuck15,9.69531,-7.83594,-1,0.265625
pipuck15,9.69531,-7.03906,0.501875,0.265625
pipuck15,9.69531,-6.77344,0.731875,0.265625
pipuck15,9.69531,-6.50781,0.796875,0.265625
pipuck15,9.69531,-6.24219,0.91875,0.265625
pipuck15,9.69531,-5.97656,0.919375,0.265625
pipuck15,9.69531,-5.71094,0.888125,0.265625
pipuck15,9.69531,-5.44531,0.886875,0.265625
pipuck15,9.69531,-5.17969,0.8875,0.265625
pipuck15,9.69531,-4.91406,0.865,0.265625
pipuck15,9.69531,-4.64844,-1,0.265625
pipuck15,9.69531,-4.38281,-1,0.265625
pipuck15,9.69531,-4.11719,-1,0.265625
pipuck15,9.69531,-3.85156,-1,0.265625
pipuck15,9.69531,-3.58594,-1,0.265625
pipuck15,9.69531,-3.32031,-1,0.265625
pipuck15,9.69531,-0.132812,-1,0.265625
pipuck15,9.69531,0.132812,-1,0.265625
pipuck15,9.69531,0.398438,-1,0.265625
pipuck15,9.69531,0.664062,-1,0.265625
pipuck15,9.69531,0.929688,-1,0.265625
pipuck15,9.69531,2.78906,-1,0.265625
pipuck15,9.69531,3.05469,0.04375,0.265625
pipuck15,9.69531,3.32031,0.046875,0.265625
pipuck15,9.69531,3.58594,0.04875,0.265625
pipuck15,9.69531,3.85156,0.020625,0.265625
pipuck15,9.69531,7.83594,0.045625,0.265625
pipuck15,9.69531,8.10156,0.0625,0.265625
pipuck15,9.69531,8.36719,-1,0.265625
pipuck15,9.69531,8.63281,-1,0.265625
pipuck15,9.69531,11.8203,0.029375,0.265625
pipuck15,9.69531,12.0859,-1,0.265625
pipuck15,9.69531,12.3516,-1,0.265625
pipuck15,9.96094,-12.3516,-1,0.265625
pipuck15,9.96094,-12.0859,-1,0.265625
pipuck15,9.96094,-11.8203,-1,0.265625
pipuck15,9.96094,-10.4922,-1,0.265625
pipuck15,9.96094,-9.69531,-1,0.265625
pipuck15,9.96094,-9.42969,-1,0.265625
pipuck15,9.96094,-9.16406,-1,0.265625
pipuck15,9.96094,-8.89844,-1,0.265625
pipuck15,9.96094,-8.63281,-1,0.265625
pipuck15,9.96094,-8.36719,-1,0.265625
pipuck15,9.96094,-8.10156,0.233125,0.265625
pipuck15,9.96094,-7.83594,0.7025,0.265625
pipuck15,9.96094,-7.57031,0.67375,0.265625
pipuck15,9.96094,-7.30469,0.798125,0.265625
pipuck15,9.96094,-6.24219,-1,0.265625
pipuck15,9.96094,-5.97656,0.25625,0.265625
pipuck15,9.96094,-5.71094,0.886875,0.265625
pipuck15,9.96094,-5.44531,0.900625,0.265625
pipuck15,9.96094,-5.17969,0.90375,0.265625
pipuck15,9.96094,-4.91406,0.86625,0.265625
pipuck15,9.96094,-4.64844,0.895625,0.265625
pipuck15,9.96094,-4.38281,0.893125,0.265625
pipuck15,9.96094,-4.11719,0.765625,0.265625
pipuck15,9.96094,-3.85156,-1,0.265625
pipuck15,9.96094,-3.58594,-1,0.265625
pipuck15,9.96094,-3.32031,-1,0.265625
pipuck15,9.96094,-0.132812,-1,0.265625
pipuck15,9.96094,0.132812,-1,0.265625
pipuck15,9.96094,0.398438,-1,0.265625
pipuck15,9.96094,0.664062,-1,0.265625
pipuck15,9.96094,0.929688,-1,0.265625
pipuck15,9.96094,2.78906,-1,0.265625
pipuck15,9.96094,3.05469,0.003125,0.265625
pipuck15,9.96094,3.58594,-1,0.265625
pipuck15,9.96094,7.57031,0.09625,0.265625
pipuck15,9.96094,7.83594,0.09375,0.265625
pipuck15,9.96094,8.10156,0.0475,0.265625
pipuck15,9.96094,8.36719,-1,0.265625
pipuck15,9.96094,8.63281,0.04875,0.265625
pipuck15,9.96094,8.89844,-1,0.265625
pipuck15,9.96094,11.5547,-1,0.265625
pipuck15,9.96094,11.8203,0.031875,0.265625
pipuck15,9.96094,12.0859,-1,0.265625
pipuck15,9.96094,12.3516,-1,0.265625
pipuck15,10.2266,-12.3516,-1,0.265625
pipuck15,10.2266,-12.0859,-1,0.265625
pipuck15,10.2266,-11.8203,-1,0.265625
pipuck15,10.2266,-9.96094,-1,0.265625
pipuck15,10.2266,-9.69531,-1,0.265625
pipuck15,10.2266,-9.42969,-1,0.265625
pipuck15,10.2266,-9.16406,-1,0.265625
pipuck15,10.2266,-8.63281,-1,0.265625
pipuck15,10.2266,-8.36719,-1,0.265625
pipuck15,10.2266,-8.10156,0.0075,0.265625
pipuck15,10.2266,-7.83594,0.624375,0.265625
pipuck15,10.2266,-7.57031,0.801875,0.265625
pipuck15,10.2266,-7.30469,0.849375,0.265625
pipuck15,10.2266,-7.03906,0.888125,0.265625
pipuck15,10.2266,-6.77344,-1,0.265625
pipuck15,10.2266,-5.71094,0.73125,0.265625
pipuck15,10.2266,-5.44531,0.723125,0.265625
pipuck15,10.2266,-5.17969,0.90625,0.265625
pipuck15,10.2266,-4.91406,0.91875,0.265625
pipuck15,10.2266,-4.64844,0.918125,0.265625
pipuck15,10.2266,-4.38281,0.899375,0.265625
pipuck15,10.2266,-4.11719,0.900625,0.265625
pipuck15,10.2266,-3.85156,0.87875,0.265625
pipuck15,10.2266,-3.58594,-1,0.265625
pipuck15,10.2266,-3.32031,0.34625,0.265625
pipuck15,10.2266,-3.05469,-1,0.265625
pipuck15,10.2266,-2.78906,-1,0.265625
pipuck15,10.2266,-0.132812,-1,0.265625
pipuck15,10.2266,0.132812,-1,0.265625
pipuck15,10.2266,0.398438,-1,0.265625
pipuck15,10.2266,0.664062,-1,0.265625
pipuck15,10.2266,0.929688,-1,0.265625
pipuck15,10.2266,2.52344,-1,0.265625
pipuck15,10.2266,2.78906,-1,0.265625
pipuck15,10.2266,3.05469,-1,0.265625
pipuck15,10.2266,7.03906,0.106875,0.265625
pipuck15,10.2266,7.30469,0.104375,0.265625
pipuck15,10.2266,7.57031,0.098125,0.265625
pipuck15,10.2266,7.83594,0.095,0.265625
pipuck15,10.2266,8.10156,0.088125,0.265625
pipuck15,10.2266,8.36719,0.048125,0.265625
pipuck15,10.2266,8.63281,0.078125,0.265625
pipuck15,10.2266,8.89844,0.049375,0.265625
pipuck15,10.2266,11.5547,0.03625,0.265625
pipuck15,10.2266,11.8203,0.03125,0.265625
pipuck15,10.2266,12.0859,-1,0.265625
pipuck15,10.4922,-12.3516,-1,0.265625
pipuck15,10.4922,-12.0859,-1,0.265625
pipuck15,10.4922,-11.8203,-1,0.265625
pipuck15,10.4922,-10.2266,-1,0.265625
pipuck15,10.4922,-9.96094,-1,0.265625
pipuck15,10.4922,-9.69531,-1,0.265625
pipuck15,10.4922,-9.42969,-1,0.265625
pipuck15,10.4922,-8.10156,-1,0.265625
pipuck15,10.4922,-7.83594,0.634375,0.265625
pipuck15,10.4922,-7.57031,0.77625,0.265625
pipuck15,10.4922,-7.30469,0.7775,0.265625
pipuck15,10.4922,-7.03906,0.794375,0.265625
pipuck15,10.4922,-6.77344,0.8875,0.265625
pipuck15,10.4922,-6.50781,0.7675,0.265625
pipuck15,10.4922,-6.24219,0.04,0.265625
pipuck15,10.4922,-5.71094,-1,0.265625
pipuck15,10.4922,-5.44531,-1,0.265625
pipuck15,10.4922,-5.17969,-1,0.265625
pipuck15,10.4922,-4.91406,0.0925,0.265625
pipuck15,10.4922,-4.64844,0.919375,0.265625
pipuck15,10.4922,-4.38281,0.901875,0.265625
pipuck15,10.4922,-4.11719,0.905,0.265625
pipuck15,10.4922,-3.85156,0.88375,0.265625
pipuck15,10.4922,-3.58594,0.886875,0.265625
pipuck15,10.4922,-3.32031,0.81625,0.265625
pipuck15,10.4922,-3.05469,0.369375,0.265625
pipuck15,10.4922,-2.78906,-1,0.265625
pipuck15,10.4922,-2.52344,-1,0.265625
pipuck15,10.4922,-2.25781,-1,0.265625
pipuck15,10.4922,-1.99219,-1,0.265625
pipuck15,10.4922,0.132812,-1,0.265625
pipuck15,10.4922,0.398438,-1,0.265625
pipuck15,10.4922,0.664062,-1,0.265625
pipuck15,10.4922,0.929688,-1,0.265625
pipuck15,10.4922,1.19531,-1,0.265625
pipuck15,10.4922,2.78906,-1,0.265625
pipuck15,10.4922,3.05469,-1,0.265625
pipuck15,10.4922,6.24219,0.125625,0.265625
pipuck15,10.4922,6.50781,0.118125,0.265625
pipuck15,10.4922,6.77344,0.115625,0.265625
pipuck15,10.4922,7.03906,0.10875,0.265625
pipuck15,10.4922,7.30469,0.105625,0.265625
pipuck15,10.4922,7.57031,-1,0.265625
pipuck15,10.4922,7.83594,-1,0.265625
pipuck15,10.4922,8.10156,0.08625,0.265625
pipuck15,10.4922,8.36719,0.084375,0.265625
pipuck15,10.4922,8.63281,0.07875,0.265625
pipuck15,10.4922,11.2891,-1,0.265625
pipuck15,10.4922,11.5547,0.041875,0.265625
pipuck15,10.4922,11.8203,-1,0.265625
pipuck15,10.4922,12.0859,-1,0.265625
pipuck15,10.7578,-12.0859,-1,0.265625
pipuck15,10.7578,-11.8203,-1,0.265625
pipuck15,10.7578,-11.5547,-1,0.265625
pipuck15,10.7578,-9.96094,-1,0.265625
pipuck15,10.7578,-9.69531,-1,0.265625
pipuck15,10.7578,-9.42969,-1,0.265625
pipuck15,10.7578,-9.16406,-1,0.265625
pipuck15,10.7578,-8.89844,0.88625,0.265625
pipuck15,10.7578,-8.63281,0.815,0.265625
pipuck15,10.7578,-8.36719,0.74125,0.265625
pipuck15,10.7578,-7.30469,-1,0.265625
pipuck15,10.7578,-7.03906,0.743125,0.265625
pipuck15,10.7578,-6.77344,0.779375,0.265625
pipuck15,10.7578,-6.50781,0.919375,0.265625
pipuck15,10.7578,-6.24219,0.9175,0.265625
pipuck15,10.7578,-5.71094,-1,0.265625
pipuck15,10.7578,-5.44531,0.774375,0.265625
pipuck15,10.7578,-4.91406,-1,0.265625
pipuck15,10.7578,-4.38281,0.7675,0.265625
pipuck15,10.7578,-4.11719,0.905625,0.265625
pipuck15,10.7578,-3.85156,0.88,0.265625
pipuck15,10.7578,-3.58594,0.8875,0.265625
pipuck15,10.7578,-3.32031,0.895625,0.265625
pipuck15,10.7578,-3.05469,0.8925,0.265625
pipuck15,10.7578,-2.78906,0.814375,0.265625
pipuck15,10.7578,-2.52344,0.333125,0.265625
pipuck15,10.7578,-2.25781,-1,0.265625
pipuck15,10.7578,-1.99219,-1,0.265625
pipuck15,10.7578,-1.72656,-1,0.265625
pipuck15,10.7578,-1.46094,-1,0.265625
pipuck15,10.7578,0.132812,-1,0.265625
pipuck15,10.7578,0.398438,-1,0.265625
pipuck15,10.7578,0.664062,-1,0.265625
pipuck15,10.7578,0.929688,-1,0.265625
pipuck15,10.7578,1.19531,-1,0.265625
pipuck15,10.7578,5.44531,-1,0.265625
pipuck15,10.7578,5.71094,0.135,0.265625
pipuck15,10.7578,5.97656,0.128125,0.265625
pipuck15,10.7578,6.24219,0.124375,0.265625
pipuck15,10.7578,6.50781,0.11875,0.265625
pipuck15,10.7578,6.77344,-1,0.265625
pipuck15,10.7578,8.10156,-1,0.265625
pipuck15,10.7578,8.36719,0.0825,0.265625
pipuck15,10.7578,8.63281,-1,0.265625
pipuck15,10.7578,11.0234,-1,0.265625
pipuck15,10.7578,11.2891,0.055,0.265625
pipuck15,10.7578,11.5547,0.05375,0.265625
pipuck15,10.7578,11.8203,-1,0.265625
pipuck15,11.0234,-12.0859,-1,0.265625
pipuck15,11.0234,-11.8203,-1,0.265625
pipuck15,11.0234,-11.5547,-1,0.265625
pipuck15,11.0234,-11.2891,-1,0.265625
pipuck15,11.0234,-11.0234,-1,0.265625
pipuck15,11.0234,-9.16406,0.665,0.265625
pipuck15,11.0234,-8.89844,0.53875,0.265625
pipuck15,11.0234,-8.63281,0.84875,0.265625
pipuck15,11.0234,-8.36719,0.884375,0.265625
pipuck15,11.0234,-8.10156,0.885625,0.265625
pipuck15,11.0234,-7.83594,0.883125,0.265625
pipuck15,11.0234,-7.03906,0.53125,0.265625
pipuck15,11.0234,-6.77344,0.86875,0.265625
pipuck15,11.0234,-6.50781,0.91875,0.265625
pipuck15,11.0234,-6.24219,0.908125,0.265625
pipuck15,11.0234,-5.97656,0.71875,0.265625
pipuck15,11.0234,-5.71094,0.919375,0.265625
pipuck15,11.0234,-5.44531,0.90375,0.265625
pipuck15,11.0234,-5.17969,0.9025,0.265625
pipuck15,11.0234,-4.91406,0.765625,0.265625
pipuck15,11.0234,-4.64844,-1,0.265625
pipuck15,11.0234,-3.85156,-1,0.265625
pipuck15,11.0234,-3.58594,0.735625,0.265625
pipuck15,11.0234,-3.32031,0.89625,0.265625
pipuck15,11.0234,-3.05469,0.899375,0.265625
pipuck15,11.0234,-2.78906,0.8975,0.265625
pipuck15,11.0234,-2.52344,0.901875,0.265625
pipuck15,11.0234,-2.25781,0.39125,0.265625
pipuck15,11.0234,-1.99219,0.3875,0.265625
pipuck15,11.0234,-1.72656,-1,0.265625
pipuck15,11.0234,-1.46094,-1,0.265625
pipuck15,11.0234,-1.19531,-1,0.265625
pipuck15,11.0234,-0.929688,-1,0.265625
pipuck15,11.0234,0.132812,-1,0.265625
pipuck15,11.0234,0.398438,-1,0.265625
pipuck15,11.0234,0.664062,-1,0.265625
pipuck15,11.0234,0.929688,-1,0.265625
pipuck15,11.0234,3.58594,-1,0.265625
pipuck15,11.0234,3.85156,-1,0.265625
pipuck15,11.0234,4.64844,-1,0.265625
pipuck15,11.0234,4.91406,0.1475,0.265625
pipuck15,11.0234,5.17969,0.144375,0.265625
pipuck15,11.0234,5.44531,0.138125,0.265625
pipuck15,11.0234,5.71094,0.135625,0.265625
pipuck15,11.0234,5.97656,0.13125,0.265625
pipuck15,11.0234,6.24219,-1,0.265625
pipuck15,11.0234,10.2266,-1,0.265625
pipuck15,11.0234,10.4922,-1,0.265625
pipuck15,11.0234,11.0234,0.051875,0.265625
pipuck15,11.0234,11.2891,0.05625,0.265625
pipuck15,11.0234,11.5547,0.04875,0.265625
pipuck15,11.2891,-12.0859,-1,0.265625
pipuck15,11.2891,-11.8203,-1,0.265625
pipuck15,11.2891,-11.5547,-1,0.265625
pipuck15,11.2891,-11.2891,-1,0.265625
pipuck15,11.2891,-11.0234,-1,0.265625
pipuck15,11.2891,-10.7578,-1,0.265625
pipuck15,11.2891,-10.4922,-1,0.265625
pipuck15,11.2891,-8.63281,0.536875,0.265625
pipuck15,11.2891,-8.36719,0.838125,0.265625
pipuck15,11.2891,-8.10156,0.85,0.265625
pipuck15,11.2891,-7.83594,0.88375,0.265625
pipuck15,11.2891,-7.57031,0.87875,0.265625
pipuck15,11.2891,-7.30469,0.86,0.265625
pipuck15,11.2891,-7.03906,0.7625,0.265625
pipuck15,11.2891,-6.77344,0.905,0.265625
pipuck15,11.2891,-6.50781,0.904375,0.265625
pipuck15,11.2891,-6.24219,0.15375,0.265625
pipuck15,11.2891,-5.97656,0.855,0.265625
pipuck15,11.2891,-5.71094,0.91875,0.265625
pipuck15,11.2891,-5.44531,0.9125,0.265625
pipuck15,11.2891,-5.17969,0.905,0.265625
pipuck15,11.2891,-4.91406,0.903125,0.265625
pipuck15,11.2891,-4.64844,0.9,0.265625
pipuck15,11.2891,-4.38281,0.804375,0.265625
pipuck15,11.2891,-4.11719,-1,0.265625
pipuck15,11.2891,-3.05469,0.596875,0.265625
pipuck15,11.2891,-2.78906,0.90125,0.265625
pipuck15,11.2891,-2.52344,0.900625,0.265625
pipuck15,11.2891,-2.25781,0.8375,0.265625
pipuck15,11.2891,-1.99219,0.6775,0.265625
pipuck15,11.2891,-1.72656,0.349375,0.265625
pipuck15,11.2891,-1.46094,0.345,0.265625
pipuck15,11.2891,-1.19531,-1,0.265625
pipuck15,11.2891,-0.929688,-1,0.265625
pipuck15,11.2891,-0.664062,-1,0.265625
pipuck15,11.2891,-0.398438,-1,0.265625
pipuck15,11.2891,-0.132812,-1,0.265625
pipuck15,11.2891,2.78906,-1,0.265625
pipuck15,11.2891,3.05469,-1,0.265625
pipuck15,11.2891,3.32031,-1,0.265625
pipuck15,11.2891,3.58594,-1,0.265625
pipuck15,11.2891,3.85156,-1,0.265625
pipuck15,11.2891,4.11719,-1,0.265625
pipuck15,11.2891,4.38281,0.16,0.265625
pipuck15,11.2891,4.64844,0.15625,0.265625
pipuck15,11.2891,4.91406,0.148125,0.265625
pipuck15,11.2891,5.17969,0.14,0.265625
pipuck15,11.2891,9.96094,-1,0.265625
pipuck15,11.2891,10.2266,0.05875,0.265625
pipuck15,11.2891,10.4922,0.058125,0.265625
pipuck15,11.2891,10.7578,-1,0.265625
pipuck15,11.2891,11.0234,-1,0.265625
pipuck15,11.2891,11.2891,0.056875,0.265625
pipuck15,11.2891,11.5547,-1,0.265625
pipuck15,11.5547,-11.2891,-1,0.265625
pipuck15,11.5547,-11.0234,-1,0.265625
pipuck15,11.5547,-10.7578,-1,0.265625
pipuck15,11.5547,-10.4922,-1,0.265625
pipuck15,11.5547,-10.2266,-1,0.265625
pipuck15,11.5547,-9.96094,-1,0.265625
pipuck15,11.5547,-9.69531,-1,0.265625
pipuck15,11.5547,-8.10156,-1,0.265625
pipuck15,11.5547,-7.83594,0.8575,0.265625
pipuck15,11.5547,-7.57031,0.875625,0.265625
pipuck15,11.5547,-7.30469,0.844375,0.265625
pipuck15,11.5547,-7.03906,0.855,0.265625
pipuck15,11.5547,-6.77344,0.858125,0.265625
pipuck15,11.5547,-6.50781,0.853125,0.265625
pipuck15,11.5547,-5.97656,0.879375,0.265625
pipuck15,11.5547,-5.71094,0.883125,0.265625
pipuck15,11.5547,-5.44531,0.571875,0.265625
pipuck15,11.5547,-5.17969,0.9025,0.265625
pipuck15,11.5547,-4.91406,0.901875,0.265625
pipuck15,11.5547,-4.64844,0.900625,0.265625
pipuck15,11.5547,-4.38281,0.90375,0.265625
pipuck15,11.5547,-4.11719,0.903125,0.265625
pipuck15,11.5547,-3.85156,0.67375,0.265625
pipuck15,11.5547,-3.58594,-1,0.265625
pipuck15,11.5547,-2.52344,0.904375,0.265625
pipuck15,11.5547,-2.25781,0.828125,0.265625
pipuck15,11.5547,-1.99219,0.68625,0.265625
pipuck15,11.5547,-1.72656,0.371875,0.265625
pipuck15,11.5547,-1.46094,0.34625,0.265625
pipuck15,11.5547,-1.19531,0.34375,0.265625
pipuck15,11.5547,-0.929688,-1,0.265625
pipuck15,11.5547,-0.664062,-1,0.265625
pipuck15,11.5547,-0.398438,-1,0.265625
pipuck15,11.5547,-0.132812,-1,0.265625
pipuck15,11.5547,1.99219,-1,0.265625
pipuck15,11.5547,2.25781,-1,0.265625
pipuck15,11.5547,2.52344,-1,0.265625
pipuck15,11.5547,2.78906,-1,0.265625
pipuck15,11.5547,3.05469,-1,0.265625
pipuck15,11.5547,3.32031,0.1825,0.265625
pipuck15,11.5547,3.58594,0.173125,0.265625
pipuck15,11.5547,3.85156,0.170625,0.265625
pipuck15,11.5547,4.11719,0.165625,0.265625
pipuck15,11.5547,4.38281,-1,0.265625
pipuck15,11.5547,4.64844,-1,0.265625
pipuck15,11.5547,10.2266,-1,0.265625
pipuck15,11.5547,10.4922,0.061875,0.265625
pipuck15,11.5547,10.7578,-1,0.265625
pipuck15,11.5547,11.0234,-1,0.265625
pipuck15,11.5547,11.2891,-1,0.265625
pipuck15,11.8203,-11.0234,-1,0.265625
pipuck15,11.8203,-10.7578,-1,0.265625
pipuck15,11.8203,-10.4922,-1,0.265625
pipuck15,11.8203,-10.2266,-1,0.265625
pipuck15,11.8203,-9.96094,-1,0.265625
pipuck15,11.8203,-9.69531,-1,0.265625
pipuck15,11.8203,-9.42969,-1,0.265625
pipuck15,11.8203,-9.16406,0.50625,0.265625
pipuck15,11.8203,-8.89844,0.615625,0.265625
pipuck15,11.8203,-7.57031,-1,0.265625
pipuck15,11.8203,-7.30469,0.834375,0.265625
pipuck15,11.8203,-7.03906,0.846875,0.265625
pipuck15,11.8203,-6.77344,0.846875,0.265625
pipuck15,11.8203,-6.50781,0.595,0.265625
pipuck15,11.8203,-6.24219,0.84125,0.265625
pipuck15,11.8203,-5.97656,0.87625,0.265625
pipuck15,11.8203,-5.71094,0.7925,0.265625
pipuck15,11.8203,-4.91406,0.456875,0.265625
pipuck15,11.8203,-4.64844,0.90125,0.265625
pipuck15,11.8203,-4.38281,0.905625,0.265625
pipuck15,11.8203,-4.11719,0.905,0.265625
pipuck15,11.8203,-3.85156,0.889375,0.265625
pipuck15,11.8203,-3.58594,0.84625,0.265625
pipuck15,11.8203,-3.32031,0.366875,0.265625
pipuck15,11.8203,-3.05469,-1,0.265625
pipuck15,11.8203,-1.99219,0.66,0.265625
pipuck15,11.8203,-1.72656,0.374375,0.265625
pipuck15,11.8203,-1.46094,0.375,0.265625
pipuck15,11.8203,-1.19531,0.3375,0.265625
pipuck15,11.8203,-0.929688,0.336875,0.265625
pipuck15,11.8203,-0.664062,-1,0.265625
pipuck15,11.8203,-0.398438,0.331875,0.265625
pipuck15,11.8203,-0.132812,-1,0.265625
pipuck15,11.8203,0.132812,-1,0.265625
pipuck15,11.8203,0.398438,-1,0.265625
pipuck15,11.8203,0.664062,-1,0.265625
pipuck15,11.8203,0.929688,-1,0.265625
pipuck15,11.8203,1.19531,-1,0.265625
pipuck15,11.8203,1.46094,-1,0.265625
pipuck15,11.8203,1.72656,-1,0.265625
pipuck15,11.8203,1.99219,-1,0.265625
pipuck15,11.8203,2.25781,-1,0.265625
pipuck15,11.8203,2.52344,-1,0.265625
pipuck15,11.8203,2.78906,0.18625,0.265625
pipuck15,11.8203,3.05469,0.188125,0.265625
pipuck15,11.8203,3.32031,0.181875,0.265625
pipuck15,11.8203,3.58594,0.17375,0.265625
pipuck15,11.8203,3.85156,-1,0.265625
pipuck15,11.8203,9.42969,-1,0.265625
pipuck15,11.8203,9.69531,0.069375,0.265625
pipuck15,11.8203,9.96094,0.065625,0.265625
pipuck15,11.8203,10.2266,0.065,0.265625
pipuck15,11.8203,10.4922,0.0625,0.265625
pipuck15,12.0859,-10.2266,-1,0.265625
pipuck15,12.0859,-9.96094,-1,0.265625
pipuck15,12.0859,-9.69531,-1,0.265625
pipuck15,12.0859,-9.42969,0.758125,0.265625
pipuck15,12.0859,-9.16406,0.795,0.265625
pipuck15,12.0859,-8.89844,0.854375,0.265625
pipuck15,12.0859,-8.63281,0.61625,0.265625
pipuck15,12.0859,-8.36719,0.279375,0.265625
pipuck15,12.0859,-7.03906,0.5,0.265625
pipuck15,12.0859,-6.24219,0.841875,0.265625
pipuck15,12.0859,-5.97656,0.8775,0.265625
pipuck15,12.0859,-5.71094,0.828125,0.265625
pipuck15,12.0859,-5.44531,-1,0.265625
pipuck15,12.0859,-4.38281,-1,0.265625
pipuck15,12.0859,-4.11719,0.89,0.265625
pipuck15,12.0859,-3.85156,0.891875,0.265625
pipuck15,12.0859,-3.58594,0.8875,0.265625
pipuck15,12.0859,-3.32031,0.861875,0.265625
pipuck15,12.0859,-3.05469,0.818125,0.265625
pipuck15,12.0859,-2.78906,0.604375,0.265625
pipuck15,12.0859,-1.46094,-1,0.265625
pipuck15,12.0859,-1.19531,-1,0.265625
pipuck15,12.0859,-0.929688,0.33625,0.265625
pipuck15,12.0859,-0.664062,0.334375,0.265625
pipuck15,12.0859,-0.398438,0.33375,0.265625
pipuck15,12.0859,-0.132812,0.2575,0.265625
pipuck15,12.0859,0.132812,0.26375,0.265625
pipuck15,12.0859,0.398438,0.2525,0.265625
pipuck15,12.0859,0.664062,-1,0.265625
pipuck15,12.0859,0.929688,-1,0.265625
pipuck15,12.0859,1.19531,-1,0.265625
pipuck15,12.0859,1.46094,-1,0.265625
pipuck15,12.0859,1.72656,-1,0.265625
pipuck15,12.0859,1.99219,0.203125,0.265625
pipuck15,12.0859,2.25781,0.201875,0.265625
pipuck15,12.0859,2.52344,0.199375,0.265625
pipuck15,12.0859,2.78906,0.19125,0.265625
pipuck15,12.0859,3.05469,-1,0.265625
pipuck15,12.0859,3.32031,0.178125,0.265625
pipuck15,12.0859,8.89844,0.0525,0.265625
pipuck15,12.0859,9.16406,0.074375,0.265625
pipuck15,12.0859,9.42969,0.075,0.265625
pipuck15,12.0859,9.69531,0.06875,0.265625
pipuck15,12.0859,9.96094,-1,0.265625
pipuck15,12.0859,10.2266,0.063125,0.265625
pipuck15,12.3516,-9.69531,-1,0.265625
pipuck15,12.3516,-9.42969,0.715625,0.265625
pipuck15,12.3516,-9.16406,0.705625,0.265625
pipuck15,12.3516,-8.89844,0.855,0.265625
pipuck15,12.3516,-8.63281,0.86,0.265625
pipuck15,12.3516,-8.36719,0.871875,0.265625
pipuck15,12.3516,-8.10156,0.42,0.265625
pipuck15,12.3516,-7.83594,0.130625,0.265625
pipuck15,12.3516,-7.57031,-1,0.265625
pipuck15,12.3516,-6.77344,0.499375,0.265625
pipuck15,12.3516,-6.24219,0.55875,0.265625
pipuck15,12.3516,-5.97656,0.854375,0.265625
pipuck15,12.3516,-5.71094,0.795,0.265625
pipuck15,12.3516,-5.44531,0.843125,0.265625
pipuck15,12.3516,-5.17969,0.829375,0.265625
pipuck15,12.3516,-4.91406,-1,0.265625
pipuck15,12.3516,-4.64844,-1,0.265625
pipuck15,12.3516,-3.58594,0.885,0.265625
pipuck15,12.3516,-3.32031,0.885625,0.265625
pipuck15,12.3516,-3.05469,0.88625,0.265625
pipuck15,12.3516,-2.78906,0.613125,0.265625
pipuck15,12.3516,-2.52344,-1,0.265625
pipuck15,12.3516,-0.929688,0.335,0.265625
pipuck15,12.3516,-0.664062,0.268125,0.265625
pipuck15,12.3516,-0.398438,0.2675,0.265625
pipuck15,12.3516,-0.132812,0.33,0.265625
pipuck15,12.3516,0.132812,0.255625,0.265625
pipuck15,12.3516,0.398438,0.255,0.265625
pipuck15,12.3516,0.664062,-1,0.265625
pipuck15,12.3516,0.929688,0.2225,0.265625
pipuck15,12.3516,1.19531,0.224375,0.265625
pipuck15,12.3516,1.46094,0.215625,0.265625
pipuck15,12.3516,1.72656,0.21125,0.265625
pipuck15,12.3516,1.99219,0.205,0.265625
pipuck15,12.3516,2.25781,-1,0.265625
pipuck15,12.3516,2.52344,-1,0.265625
pipuck15,12.3516,7.83594,-1,0.265625
pipuck15,12.3516,8.10156,0.09,0.265625
pipuck15,12.3516,8.36719,0.0925,0.265625
pipuck15,12.3516,8.63281,0.089375,0.265625
pipuck15,12.3516,8.89844,0.085625,0.265625
pipuck15,12.3516,9.16406,0.07875,0.265625
pipuck15,12.3516,9.42969,-1,0.265625
pipuck15,12.6172,-9.16406,0.58875,0.265625
pipuck15,12.6172,-8.89844,0.71625,0.265625
pipuck15,12.6172,-8.63281,0.875625,0.265625
pipuck15,12.6172,-8.36719,0.880625,0.265625
pipuck15,12.6172,-8.10156,0.885625,0.265625
pipuck15,12.6172,-7.83594,0.81625,0.265625
pipuck15,12.6172,-7.57031,0.446875,0.265625
pipuck15,12.6172,-5.97656,0.1525,0.265625
pipuck15,12.6172,-5.71094,0.693125,0.265625
pipuck15,12.6172,-5.44531,0.748125,0.265625
pipuck15,12.6172,-5.17969,0.430625,0.265625
pipuck15,12.6172,-4.91406,0.179375,0.265625
pipuck15,12.6172,-4.64844,0.178125,0.265625
pipuck15,12.6172,-4.38281,-1,0.265625
pipuck15,12.6172,-4.11719,-1,0.265625
pipuck15,12.6172,-3.32031,-1,0.265625
pipuck15,12.6172,-3.05469,0.75875,0.265625
pipuck15,12.6172,-2.78906,0.341875,0.265625
pipuck15,12.6172,-2.52344,-1,0.265625
pipuck15,12.6172,-0.132812,0.24875,0.265625
pipuck15,12.6172,0.132812,-1,0.265625
pipuck15,12.6172,0.398438,-1,0.265625
pipuck15,12.6172,0.664062,-1,0.265625
pipuck15,12.6172,0.929688,0.22625,0.265625
pipuck15,12.6172,1.19531,0.21875,0.265625
pipuck15,12.6172,1.46094,0.21625,0.265625
pipuck15,12.6172,1.72656,0.210625,0.265625
pipuck15,12.6172,7.30469,-1,0.265625
pipuck15,12.6172,7.57031,0.10375,0.265625
pipuck15,12.6172,7.83594,0.101875,0.265625
pipuck15,12.6172,8.10156,0.10125,0.265625
pipuck15,12.6172,8.36719,0.095,0.265625
pipuck15,12.6172,8.63281,0.08625,0.265625
pipuck15,12.6172,8.89844,-1,0.265625
pipuck15,12.8828,-8.63281,0.548125,0.265625
pipuck15,12.8828,-8.36719,0.850625,0.265625
pipuck15,12.8828,-8.10156,0.88625,0.265625
pipuck15,12.8828,-7.83594,0.846875,0.265625
pipuck15,12.8828,-7.57031,0.833125,0.265625
pipuck15,12.8828,-7.30469,0.83125,0.265625
pipuck15,12.8828,-7.03906,0.454375,0.265625
pipuck15,12.8828,-6.77344,0.4225,0.265625
pipuck15,12.8828,-5.97656,-1,0.265625
pipuck15,12.8828,-5.71094,-1,0.265625
pipuck15,12.8828,-5.44531,0.703125,0.265625
pipuck15,12.8828,-5.17969,-1,0.265625
pipuck15,12.8828,-4.91406,0.194375,0.265625
pipuck15,12.8828,-4.64844,0.195,0.265625
pipuck15,12.8828,-4.38281,0.04875,0.265625
pipuck15,12.8828,-4.11719,0.13125,0.265625
pipuck15,12.8828,-3.85156,-1,0.265625
pipuck15,12.8828,-3.58594,-1,0.265625
pipuck15,12.8828,-3.32031,0.331875,0.265625
pipuck15,12.8828,-3.05469,0.339375,0.265625
pipuck15,12.8828,-2.78906,0.340625,0.265625
pipuck15,12.8828,0.398438,0.25125,0.265625
pipuck15,12.8828,0.664062,0.228125,0.265625
pipuck15,12.8828,0.929688,0.23,0.265625
pipuck15,12.8828,6.50781,0.12125,0.265625
pipuck15,12.8828,6.77344,0.120625,0.265625
pipuck15,12.8828,7.03906,0.118125,0.265625
pipuck15,12.8828,7.30469,0.11625,0.265625
pipuck15,12.8828,7.57031,0.108125,0.265625
pipuck15,12.8828,7.83594,0.105,0.265625
pipuck15,12.8828,8.10156,0.096875,0.265625
pipuck15,13.1484,-7.83594,0.834375,0.265625
pipuck15,13.1484,-7.57031,0.844375,0.265625
pipuck15,13.1484,-7.30469,0.86,0.265625
pipuck15,13.1484,-7.03906,0.88,0.265625
pipuck15,13.1484,-6.77344,0.850625,0.265625
pipuck15,13.1484,-6.50781,0.641875,0.265625
pipuck15,13.1484,-6.24219,0.17125,0.265625
pipuck15,13.1484,-4.64844,0.0475,0.265625
pipuck15,13.1484,-4.38281,0.161875,0.265625
pipuck15,13.1484,-4.11719,0.13375,0.265625
pipuck15,13.1484,-3.85156,-1,0.265625
pipuck15,13.1484,-3.58594,-1,0.265625
pipuck15,13.1484,-3.32031,0.33,0.265625
pipuck15,13.1484,-3.05469,0.330625,0.265625
pipuck15,13.1484,-2.78906,-1,0.265625
pipuck15,13.1484,0.132812,0.25,0.265625
pipuck15,13.1484,0.398438,0.249375,0.265625
pipuck15,13.1484,0.664062,0.2375,0.265625
pipuck15,13.1484,0.929688,-1,0.265625
pipuck15,13.1484,5.71094,-1,0.265625
pipuck15,13.1484,5.97656,0.135625,0.265625
pipuck15,13.1484,6.24219,0.133125,0.265625
pipuck15,13.1484,6.50781,0.128125,0.265625
pipuck15,13.1484,6.77344,0.124375,0.265625
pipuck15,13.1484,7.03906,-1,0.265625
pipuck15,13.1484,7.30469,0.116875,0.265625
pipuck15,13.4141,-7.30469,0.859375,0.265625
pipuck15,13.4141,-7.03906,0.880625,0.265625
pipuck15,13.4141,-6.77344,0.883125,0.265625
pipuck15,13.4141,-6.50781,0.885,0.265625
pipuck15,13.4141,-6.24219,0.848125,0.265625
pipuck15,13.4141,-5.97656,0.823125,0.265625
pipuck15,13.4141,-5.71094,0.76875,0.265625
pipuck15,13.4141,-5.44531,0.07375,0.265625
pipuck15,13.4141,-3.58594,-1,0.265625
pipuck15,13.4141,-3.32031,-1,0.265625
pipuck15,13.4141,-3.05469,0.314375,0.265625
pipuck15,13.4141,0.664062,-1,0.265625
pipuck15,13.4141,5.17969,0.1525,0.265625
pipuck15,13.4141,5.44531,0.151875,0.265625
pipuck15,13.4141,5.71094,0.14875,0.265625
pipuck15,13.4141,5.97656,0.145625,0.265625
pipuck15,13.4141,6.24219,0.135,0.265625
pipuck15,13.4141,6.50781,-1,0.265625
pipuck15,13.4141,6.77344,0.125,0.265625
pipuck15,13.6797,-6.77344,0.8775,0.265625
pipuck15,13.6797,-6.50781,0.815625,0.265625
pipuck15,13.6797,-6.24219,0.885625,0.265625
pipuck15,13.6797,-5.97656,0.64,0.265625
pipuck15,13.6797,-5.71094,0.22875,0.265625
pipuck15,13.6797,-5.44531,0.16625,0.265625
pipuck15,13.6797,-5.17969,0.114375,0.265625
pipuck15,13.6797,-4.91406,-1,0.265625
pipuck15,13.6797,-4.64844,-1,0.265625
pipuck15,13.6797,4.38281,0.175625,0.265625
pipuck15,13.6797,4.64844,0.1725,0.265625
pipuck15,13.6797,4.91406,0.166875,0.265625
pipuck15,13.6797,5.17969,0.160625,0.265625
pipuck15,13.6797,5.44531,0.1575,0.265625
pipuck15,13.6797,5.71094,0.148125,0.265625
pipuck15,13.6797,5.97656,-1,0.265625
pipuck15,13.6797,6.24219,-1,0.265625
pipuck15,13.9453,-6.24219,-1,0.265625
pipuck15,13.9453,-5.97656,-1,0.265625
pipuck15,13.9453,-5.71094,0.19125,0.265625
pipuck15,13.9453,-5.44531,0.1675,0.265625
pipuck15,13.9453,-5.17969,0.190625,0.265625
pipuck15,13.9453,-4.91406,0.070625,0.265625
pipuck15,13.9453,-4.64844,0.074375,0.265625
pipuck15,13.9453,-4.38281,-1,0.265625
pipuck15,13.9453,-4.11719,-1,0.265625
pipuck15,13.9453,-3.58594,-1,0.265625
pipuck15,13.9453,3.85156,0.18875,0.265625
pipuck15,13.9453,4.11719,0.181875,0.265625
pipuck15,13.9453,4.38281,0.18375,0.265625
pipuck15,13.9453,4.64844,0.171875,0.265625
pipuck15,13.9453,4.91406,0.17,0.265625
pipuck15,14.2109,-5.44531,0.183125,0.265625
pipuck15,14.2109,-5.17969,0.168125,0.265625
pipuck15,14.2109,-4.91406,0.16875,0.265625
pipuck15,14.2109,-4.64844,0.113125,0.265625
pipuck15,14.2109,-4.38281,-1,0.265625
pipuck15,14.2109,-4.11719,-1,0.265625
pipuck15,14.2109,-3.85156,0.301875,0.265625
pipuck15,14.2109,-3.58594,-1,0.265625
pipuck15,14.2109,2.25781,-1,0.265625
pipuck15,14.2109,2.78906,-1,0.265625
pipuck15,14.2109,3.05469,-1,0.265625
pipuck15,14.2109,3.32031,0.204375,0.265625
pipuck15,14.2109,3.58594,0.200625,0.265625
pipuck15,14.2109,3.85156,0.189375,0.265625
pipuck15,14.2109,4.11719,0.184375,0.265625
pipuck15,14.2109,4.38281,0.183125,0.265625
pipuck15,14.4766,-4.64844,-1,0.265625
pipuck15,14.4766,-4.38281,-1,0.265625
pipuck15,14.4766,-4.11719,-1,0.265625
pipuck15,14.4766,-3.85156,-1,0.265625
pipuck15,14.4766,-3.58594,0.3,0.265625
pipuck15,14.4766,-3.32031,0.298125,0.265625
pipuck15,14.4766,-3.05469,-1,0.265625
pipuck15,14.4766,1.99219,-1,0.265625
pipuck15,14.4766,2.25781,0.225625,0.265625
pipuck15,14.4766,2.52344,0.2175,0.265625
pipuck15,14.4766,2.78906,0.22,0.265625
pipuck15,14.4766,3.05469,0.209375,0.265625
pipuck15,14.4766,3.32031,0.203125,0.265625
pipuck15,14.4766,3.58594,0.199375,0.265625
pipuck15,14.7422,-3.85156,-1,0.265625
pipuck15,14.7422,-3.58594,-1,0.265625
pipuck15,14.7422,-3.32031,0.29875,0.265625
pipuck15,14.7422,-3.05469,0.2975,0.265625
pipuck15,14.7422,-2.78906,0.316875,0.265625
pipuck15,14.7422,-2.52344,0.31625,0.265625
pipuck15,14.7422,-2.25781,0.315,0.265625
pipuck15,14.7422,-0.929688,-1,0.265625
pipuck15,14.7422,-0.664062,0.295625,0.265625
pipuck15,14.7422,-0.398438,0.268125,0.265625
pipuck15,14.7422,-0.132812,0.265,0.265625
pipuck15,14.7422,1.19531,-1,0.265625
pipuck15,14.7422,1.46094,0.236875,0.265625
pipuck15,14.7422,1.72656,0.23625,0.265625
pipuck15,14.7422,1.99219,0.22875,0.265625
pipuck15,14.7422,2.25781,0.228125,0.265625
pipuck15,14.7422,2.52344,0.223125,0.265625
pipuck15,14.7422,2.78906,-1,0.265625
pipuck15,14.7422,3.05469,-1,0.265625
pipuck15,15.0078,-3.32031,-1,0.265625
pipuck15,15.0078,-3.05469,-1,0.265625
pipuck15,15.0078,-2.78906,0.295625,0.265625
pipuck15,15.0078,-2.52344,0.318125,0.265625
pipuck15,15.0078,-2.25781,0.31875,0.265625
pipuck15,15.0078,-1.99219,0.320625,0.265625
pipuck15,15.0078,-1.72656,-1,0.265625
pipuck15,15.0078,-0.929688,0.296875,0.265625
pipuck15,15.0078,-0.664062,0.29625,0.265625
pipuck15,15.0078,-0.398438,-1,0.265625
pipuck15,15.0078,-0.132812,-1,0.265625
pipuck15,15.0078,0.398438,-1,0.265625
pipuck15,15.0078,0.664062,0.248125,0.265625
pipuck15,15.0078,0.929688,0.245625,0.265625
pipuck15,15.0078,1.19531,0.243125,0.265625
pipuck15,15.0078,1.46094,0.24125,0.265625
pipuck15,15.0078,1.72656,0.234375,0.265625
pipuck15,15.0078,1.99219,0.226875,0.265625
pipuck15,15.2734,-2.78906,-1,0.265625
pipuck15,15.2734,-2.52344,-1,0.265625
pipuck15,15.2734,-2.25781,0.2925,0.265625
pipuck15,15.2734,-1.99219,0.314375,0.265625
pipuck15,15.2734,-1.72656,0.310625,0.265625
pipuck15,15.2734,-1.46094,0.30375,0.265625
pipuck15,15.2734,-1.19531,-1,0.265625
pipuck15,15.2734,-0.929688,0.29875,0.265625
pipuck15,15.2734,-0.664062,0.273125,0.265625
pipuck15,15.2734,-0.398438,-1,0.265625
pipuck15,15.2734,-0.132812,-1,0.265625
pipuck15,15.2734,0.132812,0.2625,0.265625
pipuck15,15.2734,0.398438,0.25875,0.265625
pipuck15,15.2734,0.664062,0.2475,0.265625
pipuck15,15.2734,0.929688,0.24375,0.265625
pipuck15,15.2734,1.19531,-1,0.265625
pipuck15,15.2734,1.46094,-1,0.265625
pipuck15,15.5391,-2.52344,-1,0.265625
pipuck15,15.5391,-1.99219,0.30875,0.265625
pipuck15,15.5391,-1.72656,0.303125,0.265625
pipuck15,15.5391,-1.46094,0.305,0.265625
pipuck15,15.5391,-1.19531,0.3,0.265625
pipuck15,15.5391,-0.929688,0.2775,0.265625
pipuck15,15.5391,-0.664062,-1,0.265625
pipuck15,15.5391,-0.398438,0.26375,0.265625
pipuck15,15.5391,-0.132812,0.263125,0.265625
pipuck15,15.5391,0.132812,0.26125,0.265625
pipuck15,15.5391,0.398438,0.253125,0.265625
pipuck15,15.8047,-1.72656,-1,0.265625
pipuck15,15.8047,-1.46094,-1,0.265625
pipuck15,15.8047,-1.19531,-1,0.265625
pipuck15,15.8047,-0.929688,-1,0.265625
